-- MySQL dump 10.13  Distrib 5.5.57, for Linux (i686)
--
-- Host: localhost    Database: english_edu
-- ------------------------------------------------------
-- Server version	5.5.57-log

/*!40101 SET @OLD_CHARACTER_SET_CLIENT=@@CHARACTER_SET_CLIENT */;
/*!40101 SET @OLD_CHARACTER_SET_RESULTS=@@CHARACTER_SET_RESULTS */;
/*!40101 SET @OLD_COLLATION_CONNECTION=@@COLLATION_CONNECTION */;
/*!40101 SET NAMES utf8 */;
/*!40103 SET @OLD_TIME_ZONE=@@TIME_ZONE */;
/*!40103 SET TIME_ZONE='+00:00' */;
/*!40014 SET @OLD_UNIQUE_CHECKS=@@UNIQUE_CHECKS, UNIQUE_CHECKS=0 */;
/*!40014 SET @OLD_FOREIGN_KEY_CHECKS=@@FOREIGN_KEY_CHECKS, FOREIGN_KEY_CHECKS=0 */;
/*!40101 SET @OLD_SQL_MODE=@@SQL_MODE, SQL_MODE='NO_AUTO_VALUE_ON_ZERO' */;
/*!40111 SET @OLD_SQL_NOTES=@@SQL_NOTES, SQL_NOTES=0 */;

--
-- Table structure for table `cx_admin`
--

DROP TABLE IF EXISTS `cx_admin`;
/*!40101 SET @saved_cs_client     = @@character_set_client */;
/*!40101 SET character_set_client = utf8 */;
CREATE TABLE `cx_admin` (
  `admin_id` int(11) NOT NULL AUTO_INCREMENT,
  `role_id` tinyint(4) DEFAULT '0' COMMENT '权限组id',
  `last_login_ip` varchar(15) NOT NULL DEFAULT '0.0.0.0' COMMENT '最后登录ip',
  `admin_name` varchar(15) NOT NULL COMMENT '管理员登录账号',
  `admin_password` varchar(32) NOT NULL COMMENT '管理员登录密码',
  `status` tinyint(1) DEFAULT '1' COMMENT '账号状态',
  `add_time` varchar(13) NOT NULL COMMENT '添加时间',
  `last_login_time` varchar(13) DEFAULT NULL COMMENT '最后登录时间',
  `login_times` int(11) DEFAULT '0' COMMENT '登录次数',
  `is_supper` tinyint(1) DEFAULT '0' COMMENT '是否超级管理员',
  `admin_avatar` varchar(255) DEFAULT '' COMMENT '头像',
  `phone` varchar(200) DEFAULT NULL,
  `class` int(11) DEFAULT NULL COMMENT '班级id',
  `grade` int(11) DEFAULT NULL COMMENT '年级id',
  `department_ids` text COMMENT '部门主管id（可以是多个）',
  PRIMARY KEY (`admin_id`),
  KEY `admin_id` (`admin_id`)
) ENGINE=InnoDB AUTO_INCREMENT=3 DEFAULT CHARSET=utf8 ROW_FORMAT=DYNAMIC COMMENT='管理员表';
/*!40101 SET character_set_client = @saved_cs_client */;

--
-- Dumping data for table `cx_admin`
--

LOCK TABLES `cx_admin` WRITE;
/*!40000 ALTER TABLE `cx_admin` DISABLE KEYS */;
INSERT INTO `cx_admin` VALUES (1,1,'14.17.22.32','admin','e10adc3949ba59abbe56e057f20f883e',1,'','1575112307',245,1,'http://img.51chuanxing.com/Uploads/User/2016/10/18/2016-10-18/5805fd6195bfd.jpg',NULL,NULL,NULL,'1,2');
/*!40000 ALTER TABLE `cx_admin` ENABLE KEYS */;
UNLOCK TABLES;

--
-- Table structure for table `cx_admin_role`
--

DROP TABLE IF EXISTS `cx_admin_role`;
/*!40101 SET @saved_cs_client     = @@character_set_client */;
/*!40101 SET character_set_client = utf8 */;
CREATE TABLE `cx_admin_role` (
  `role_id` tinyint(3) NOT NULL AUTO_INCREMENT,
  `role_name` varchar(50) NOT NULL COMMENT '权限组名',
  `sort` tinyint(3) DEFAULT '0' COMMENT '排序',
  `status` tinyint(1) NOT NULL DEFAULT '1' COMMENT '是否启用(0:是 1:否)',
  PRIMARY KEY (`role_id`)
) ENGINE=InnoDB AUTO_INCREMENT=2 DEFAULT CHARSET=utf8 ROW_FORMAT=DYNAMIC COMMENT='后台角色表';
/*!40101 SET character_set_client = @saved_cs_client */;

--
-- Dumping data for table `cx_admin_role`
--

LOCK TABLES `cx_admin_role` WRITE;
/*!40000 ALTER TABLE `cx_admin_role` DISABLE KEYS */;
INSERT INTO `cx_admin_role` VALUES (1,'超级管理员',100,1);
/*!40000 ALTER TABLE `cx_admin_role` ENABLE KEYS */;
UNLOCK TABLES;

--
-- Table structure for table `cx_area`
--

DROP TABLE IF EXISTS `cx_area`;
/*!40101 SET @saved_cs_client     = @@character_set_client */;
/*!40101 SET character_set_client = utf8 */;
CREATE TABLE `cx_area` (
  `id` smallint(5) NOT NULL AUTO_INCREMENT,
  `region_name` varchar(30) NOT NULL DEFAULT '',
  `parent_id` smallint(5) NOT NULL DEFAULT '0',
  `level` tinyint(2) NOT NULL DEFAULT '0',
  PRIMARY KEY (`id`),
  KEY `id` (`id`) USING BTREE
) ENGINE=InnoDB AUTO_INCREMENT=3801 DEFAULT CHARSET=utf8 ROW_FORMAT=DYNAMIC COMMENT='地区表';
/*!40101 SET character_set_client = @saved_cs_client */;

--
-- Dumping data for table `cx_area`
--

LOCK TABLES `cx_area` WRITE;
/*!40000 ALTER TABLE `cx_area` DISABLE KEYS */;
INSERT INTO `cx_area` VALUES (1,'北京',0,1),(20,'三环以内',2,3),(21,'三环到四环之间',2,3),(22,'四环到五环之间',2,3),(23,'五环到六环之间',2,3),(24,'管庄',2,3),(25,'北苑',2,3),(26,'天通苑',2,3),(27,'定福庄',2,3),(28,'北京经济技术开发区',2,3),(29,'三环以内',3,3),(30,'三环到四环之间',3,3),(31,'四环到五环之间',3,3),(32,'五环到六环之间',3,3),(33,'六环以外',3,3),(34,'上地',3,3),(35,'西三旗',3,3),(36,'清河',3,3),(37,'圆明园西路',3,3),(38,'农业大学西校区',3,3),(39,'西二旗',3,3),(40,'内环到二环里',4,3),(41,'二环到三环',4,3),(42,'内环到三环里',5,3),(43,'一环到二环',6,3),(44,'二环到三环',6,3),(45,'内环到三环里',7,3),(46,'四环到五环之间',8,3),(47,'二环到三环',8,3),(48,'三环到四环之间',8,3),(49,'五环以外',8,3),(50,'四环到五环内',9,3),(51,'石景山城区',9,3),(52,'八大处科技园区',9,3),(53,'六环以外',10,3),(54,'五环以外',11,3),(55,'六环以外',12,3),(56,'通州郊区',12,3),(57,'通州城区内',12,3),(58,'亦庄经济技术开发区',13,3),(59,'旧宫镇',13,3),(60,'四环至五环之间',13,3),(61,'西红门',13,3),(62,'六环以外',13,3),(63,'亦庄其它',13,3),(64,'五环以外',14,3),(65,'五环以外',15,3),(66,'五环以外',16,3),(67,'五环以外',17,3),(68,'回龙观',17,3),(69,'天通苑',17,3),(70,'六环以外',18,3),(71,'六环以外',19,3),(72,'上海',0,1),(92,'内环以内',73,3),(93,'内环中环之间',73,3),(94,'中环外环之间',73,3),(95,'内环中环之间',74,3),(96,'内环以内',74,3),(97,'中环外环之间',74,3),(98,'内环以内',75,3),(99,'内环中环之间',75,3),(100,'内环以内',76,3),(101,'内环中环之间',76,3),(102,'中环外环之间',76,3),(103,'内环以内',77,3),(104,'内环中环之间',77,3),(105,'中环外环之间',77,3),(106,'内环以内',78,3),(107,'内环中环之间',78,3),(108,'中环外环之间',78,3),(109,'内环以内',79,3),(110,'内环中环之间',79,3),(111,'中环外环之间',79,3),(112,'内环以内',80,3),(113,'内环中环之间',80,3),(114,'中环外环之间',80,3),(115,'中环以内',81,3),(116,'中环外环之间',81,3),(117,'外环以外',81,3),(118,'中环以内',82,3),(119,'中环外环之间',82,3),(120,'外环以外',82,3),(121,'外环以外',83,3),(122,'中环以内',84,3),(123,'中环外环之间',84,3),(124,'外环以外',84,3),(125,'外环以外',85,3),(126,'外环以外',86,3),(127,'外环以外',87,3),(128,'祝桥镇',88,3),(129,'新场镇',88,3),(130,'惠南镇',88,3),(131,'康桥镇',88,3),(132,'宣桥镇',88,3),(133,'书院镇',88,3),(134,'大团镇',88,3),(135,'周浦镇',88,3),(136,'芦潮港镇',88,3),(137,'泥城镇',88,3),(138,'六灶镇',88,3),(139,'航头镇',88,3),(140,'万祥镇',88,3),(141,'老港镇',88,3),(142,'申港街道',88,3),(143,'临港新城',88,3),(144,'外环以外',89,3),(145,'内环以内',90,3),(146,'内环中环之间',90,3),(147,'中环外环之间',90,3),(148,'桃浦新村',90,3),(149,'崇明岛',91,3),(150,'长兴岛',91,3),(151,'横沙',91,3),(152,'天津',0,1),(154,'塘沽区',153,3),(155,'西青区',153,3),(156,'北辰区',153,3),(157,'东丽区',153,3),(158,'汉沽区',153,3),(159,'大港区',153,3),(160,'津南区',153,3),(161,'蓟县',153,3),(162,'武清县',153,3),(163,'宁河县',153,3),(164,'宝坻县',153,3),(165,'静海县',153,3),(166,'南开区',153,3),(167,'和平区',153,3),(168,'河西区',153,3),(169,'红桥区',153,3),(170,'河北区',153,3),(171,'河东区',153,3),(172,'重庆',0,1),(174,'渝中区',173,3),(175,'江北区',173,3),(176,'九龙坡区',173,3),(177,'沙坪坝区',173,3),(178,'高新区',173,3),(179,'大渡口',173,3),(180,'巴南区',173,3),(181,'南岸区',173,3),(182,'万盛区',173,3),(183,'合川区',173,3),(184,'城口县',173,3),(185,'渝北区',173,3),(186,'北碚区',173,3),(187,'双桥区',173,3),(188,'万州区',173,3),(189,'培陵区',173,3),(190,'梁平县',173,3),(191,'永川区',173,3),(192,'江津区',173,3),(193,'南川市',173,3),(194,'铜梁县',173,3),(195,'长寿区',173,3),(196,'潼南县',173,3),(197,'荣昌县',173,3),(198,'壁山县',173,3),(199,'大足县',173,3),(200,'黔江区',173,3),(201,'武隆县',173,3),(202,'丰都县',173,3),(203,'奉节县',173,3),(204,'开县',173,3),(205,'云阳县',173,3),(206,'忠县',173,3),(207,'巫溪县',173,3),(208,'巫山县',173,3),(209,'石柱土家族',173,3),(210,'彭水苗族土家',173,3),(211,'垫江县',173,3),(212,'酉阳土家族苗族',173,3),(213,'秀山土家族苗族',173,3),(214,'綦江县',173,3),(215,'江北区',173,3),(216,'高新区',173,3),(217,'南岸区',173,3),(218,'巴南区',173,3),(219,'九龙坡区',173,3),(220,'大渡口区',173,3),(221,'沙坪坝区',173,3),(222,'河北',0,1),(234,'长安区',223,3),(235,'桥东区',223,3),(236,'桥西区',223,3),(237,'新华区',223,3),(238,'裕华区',223,3),(239,'井陉矿区',223,3),(240,'经济技术开发区',223,3),(241,'平山县',223,3),(242,'辛集市',223,3),(243,'藁城市',223,3),(244,'晋州市',223,3),(245,'新乐市',223,3),(246,'鹿泉市',223,3),(247,'井陉县',223,3),(248,'栾城县',223,3),(249,'正定县',223,3),(250,'行唐县',223,3),(251,'灵寿县',223,3),(252,'高邑县',223,3),(253,'赵县',223,3),(254,'赞皇县',223,3),(255,'深泽县',223,3),(256,'无极县',223,3),(257,'元氏县',223,3),(258,'矿区',223,3),(259,'丛台区',224,3),(260,'邯山区',224,3),(261,'复兴区',224,3),(262,'永年县',224,3),(263,'武汉市',224,3),(264,'邯郸县',224,3),(265,'峰峰矿区',224,3),(266,'曲周县',224,3),(267,'馆陶县',224,3),(268,'魏县',224,3),(269,'成安县',224,3),(270,'大名县',224,3),(271,'涉县',224,3),(272,'鸡泽县',224,3),(273,'邱县',224,3),(274,'广平县',224,3),(275,'肥乡县',224,3),(276,'磁县',224,3),(277,'临漳县',224,3),(278,'邢台县',225,3),(279,'南宫市',225,3),(280,'沙河市',225,3),(281,'柏乡县',225,3),(282,'任县',225,3),(283,'清河县',225,3),(284,'隆尧县',225,3),(285,'临城县',225,3),(286,'广宗县',225,3),(287,'临西县',225,3),(288,'内丘县',225,3),(289,'平乡县',225,3),(290,'巨鹿县',225,3),(291,'新河县',225,3),(292,'南和县',225,3),(293,'邢台市内',225,3),(294,'宁晋县',225,3),(295,'威县',225,3),(296,'桥西区',225,3),(297,'桥东区',225,3),(298,'保定市',226,3),(299,'涿州市',226,3),(300,'定州市',226,3),(301,'安国市',226,3),(302,'高碑店市',226,3),(303,'满城县',226,3),(304,'清苑县',226,3),(305,'涞水县',226,3),(306,'阜平县',226,3),(307,'徐水县',226,3),(308,'定兴县',226,3),(309,'唐县',226,3),(310,'高阳县',226,3),(311,'容城县',226,3),(312,'涞源县',226,3),(313,'望都县',226,3),(314,'易县',226,3),(315,'曲阳县',226,3),(316,'蠡县',226,3),(317,'顺平县',226,3),(318,'博野县',226,3),(319,'雄县',226,3),(320,'新市区',226,3),(321,'北市区',226,3),(322,'南市区',226,3),(323,'安新县',226,3),(324,'宣化县',227,3),(325,'康保县',227,3),(326,'张北县',227,3),(327,'阳原县',227,3),(328,'赤城县',227,3),(329,'怀安县',227,3),(330,'怀来县',227,3),(331,'崇礼县',227,3),(332,'尚义县',227,3),(333,'蔚县',227,3),(334,'涿鹿县',227,3),(335,'万全县',227,3),(336,'下花园区',227,3),(337,'沽源县',227,3),(338,'桥西区',227,3),(339,'桥东区',227,3),(340,'宣化区',227,3),(341,'兴隆县',228,3),(342,'平泉县',228,3),(343,'滦平县',228,3),(344,'丰宁满族自治区',228,3),(345,'围场满族蒙古族自治县',228,3),(346,'宽城满族自治县',228,3),(347,'隆化县',228,3),(348,'承德县',228,3),(349,'双桥区',228,3),(350,'双滦区',228,3),(351,'鹰手营子矿区',228,3),(352,'海港区',229,3),(353,'卢龙县',229,3),(354,'青龙满族自治县',229,3),(355,'昌黎县',229,3),(356,'山海关区',229,3),(357,'北戴河区',229,3),(358,'抚宁县',229,3),(359,'路北区',230,3),(360,'路南区',230,3),(361,'古冶区',230,3),(362,'开平区',230,3),(363,'遵化市',230,3),(364,'丰南区',230,3),(365,'迁安市',230,3),(366,'迁西县',230,3),(367,'滦南县',230,3),(368,'丰润区',230,3),(369,'玉田县',230,3),(370,'唐海县',230,3),(371,'乐亭县',230,3),(372,'滦县',230,3),(373,'沧县',231,3),(374,'泊头市',231,3),(375,'任丘市',231,3),(376,'河间市',231,3),(377,'献县',231,3),(378,'肃宁县',231,3),(379,'青县',231,3),(380,'东光县',231,3),(381,'吴桥县',231,3),(382,'南皮具',231,3),(383,'盐山县',231,3),(384,'海兴县',231,3),(385,'孟村回族自治县',231,3),(386,'黄骅市',231,3),(387,'运河区',231,3),(388,'新华区',231,3),(389,'霸州市',232,3),(390,'三河市',232,3),(391,'固安县',232,3),(392,'永清县',232,3),(393,'香河县',232,3),(394,'大城县',232,3),(395,'文安县',232,3),(396,'大厂回族自治县',232,3),(397,'安次县',232,3),(398,'广阳区',232,3),(399,'开发区',232,3),(400,'冀州市',233,3),(401,'深州市',233,3),(402,'饶阳县',233,3),(403,'枣强县',233,3),(404,'故城县',233,3),(405,'阜城县',233,3),(406,'安平县',233,3),(407,'武邑县',233,3),(408,'景县',233,3),(409,'武强县',233,3),(410,'桃城区',233,3),(411,'山西',0,1),(423,'阳曲县',412,3),(424,'古交市',412,3),(425,'娄烦县',412,3),(426,'清徐县',412,3),(427,'杏花岭区',412,3),(428,'小店区',412,3),(429,'迎泽区',412,3),(430,'尖草坪区',412,3),(431,'万柏林区',412,3),(432,'晋源区',412,3),(433,'大同县',413,3),(434,'天镇县',413,3),(435,'灵丘县',413,3),(436,'阳高县',413,3),(437,'左云县',413,3),(438,'浑源县',413,3),(439,'广灵县',413,3),(440,'新荣区',413,3),(441,'南郊区',413,3),(442,'矿区',413,3),(443,'城区',413,3),(444,'盂县',414,3),(445,'平定县',414,3),(446,'郊区',414,3),(447,'矿区',414,3),(448,'城区',414,3),(449,'高平市',415,3),(450,'阳城县',415,3),(451,'沁水县',415,3),(452,'陵川县',415,3),(453,'泽州县',415,3),(454,'城区',415,3),(455,'山阴县',416,3),(456,'右玉县',416,3),(457,'应县',416,3),(458,'怀仁县',416,3),(459,'朔城区',416,3),(460,'平鲁区',416,3),(461,'榆次区',417,3),(462,'介休市',417,3),(463,'昔阳县',417,3),(464,'祁县',417,3),(465,'左权县',417,3),(466,'寿阳县',417,3),(467,'太谷县',417,3),(468,'和顺县',417,3),(469,'灵石县',417,3),(470,'平遥县',417,3),(471,'榆社县',417,3),(472,'原平市',418,3),(473,'代县',418,3),(474,'神池县',418,3),(475,'五寨县',418,3),(476,'五台县',418,3),(477,'偏关县',418,3),(478,'宁武县',418,3),(479,'静乐县',418,3),(480,'繁峙县',418,3),(481,'河曲县',418,3),(482,'保德县',418,3),(483,'定襄县',418,3),(484,'忻府区',418,3),(485,'岢岚县',418,3),(486,'离石区',419,3),(487,'孝义市',419,3),(488,'汾阳市',419,3),(489,'文水县',419,3),(490,'中阳县',419,3),(491,'兴县',419,3),(492,'临县',419,3),(493,'方山县',419,3),(494,'柳林县',419,3),(495,'岚县',419,3),(496,'交口县',419,3),(497,'交城县',419,3),(498,'石楼县',419,3),(499,'侯马市',420,3),(500,'霍州市',420,3),(501,'汾西县',420,3),(502,'吉县',420,3),(503,'安泽县',420,3),(504,'浮山县',420,3),(505,'大宁县',420,3),(506,'古县',420,3),(507,'隰 县',420,3),(508,'襄汾县',420,3),(509,'翼城县',420,3),(510,'永和县',420,3),(511,'乡宁县',420,3),(512,'洪洞县',420,3),(513,'蒲县',420,3),(514,'曲沃县',420,3),(515,'尧都区',420,3),(516,'河津市',421,3),(517,'永济市',421,3),(518,'新绛县',421,3),(519,'平陆县',421,3),(520,'垣曲县',421,3),(521,'绛县',421,3),(522,'稷山县',421,3),(523,'芮城县',421,3),(524,'夏县',421,3),(525,'临猗县',421,3),(526,'万荣县',421,3),(527,'盐湖区',421,3),(528,'闻喜县',421,3),(529,'长治县',422,3),(530,'潞城市',422,3),(531,'城区',422,3),(532,'郊区',422,3),(533,'襄垣县',422,3),(534,'屯留县',422,3),(535,'平顺县',422,3),(536,'黎城县',422,3),(537,'壶关县',422,3),(538,'长子县',422,3),(539,'武乡县',422,3),(540,'沁 县',422,3),(541,'沁源县',422,3),(542,'河南',0,1),(561,'二七区',543,3),(562,'中原区',543,3),(563,'郑东新区',543,3),(564,'郑州市区',543,3),(565,'管城回族区',543,3),(566,'金水区',543,3),(567,'上街区',543,3),(568,'惠济区',543,3),(569,'巩义市',543,3),(570,'新郑市',543,3),(571,'新密市',543,3),(572,'登封市',543,3),(573,'中牟县',543,3),(574,'荥阳市',543,3),(575,'高新区',543,3),(576,'开封县',544,3),(577,'杞县',544,3),(578,'兰考县',544,3),(579,'尉氏县',544,3),(580,'通许县',544,3),(581,'金明区',544,3),(582,'禹王台区',544,3),(583,'顺河回族区',544,3),(584,'龙亭区',544,3),(585,'鼓楼区',544,3),(586,'洛龙区',545,3),(587,'涧西区',545,3),(588,'西工区',545,3),(589,'洛南新区',545,3),(590,'嵩县',545,3),(591,'瀍河回族区',545,3),(592,'老城区',545,3),(593,'吉利区',545,3),(594,'偃师市',545,3),(595,'孟津县',545,3),(596,'汝阳县',545,3),(597,'伊川县',545,3),(598,'洛宁县',545,3),(599,'宜阳县',545,3),(600,'栾川县',545,3),(601,'新安县',545,3),(602,'汝州市',546,3),(603,'舞钢市',546,3),(604,'郏县',546,3),(605,'叶县',546,3),(606,'鲁山县',546,3),(607,'宝丰县',546,3),(608,'石龙区',546,3),(609,'湛河区',546,3),(610,'卫东区',546,3),(611,'新华区',546,3),(612,'新城区',546,3),(613,'沁阳市',547,3),(614,'孟州市',547,3),(615,'修武县',547,3),(616,'温县',547,3),(617,'武陟县',547,3),(618,'博爱县',547,3),(619,'山阳区',547,3),(620,'马村区',547,3),(621,'中站区',547,3),(622,'解放区',547,3),(623,'浚县',548,3),(624,'淇县',548,3),(625,'鹤山区',548,3),(626,'山城区',548,3),(627,'淇滨区',548,3),(628,'卫辉市',549,3),(629,'辉县市',549,3),(630,'新乡县',549,3),(631,'获嘉县',549,3),(632,'原阳县',549,3),(633,'长垣县',549,3),(634,'延津县',549,3),(635,'封丘县',549,3),(636,'牧野区',549,3),(637,'凤泉区',549,3),(638,'红旗区',549,3),(639,'卫滨区',549,3),(640,'林州市',550,3),(641,'安阳县',550,3),(642,'滑县',550,3),(643,'汤阴县',550,3),(644,'内黄县',550,3),(645,'龙安区',550,3),(646,'殷都区',550,3),(647,'文峰区',550,3),(648,'北关区',550,3),(649,'濮阳县',551,3),(650,'南乐县',551,3),(651,'台前县',551,3),(652,'清丰县',551,3),(653,'范县',551,3),(654,'华龙区',551,3),(655,'禹州市',552,3),(656,'长葛市',552,3),(657,'许昌县',552,3),(658,'鄢陵县',552,3),(659,'襄城县',552,3),(660,'魏都区',552,3),(661,'郾城区',553,3),(662,'临颍县',553,3),(663,'召陵区',553,3),(664,'舞阳县',553,3),(665,'源汇区',553,3),(666,'义马市',554,3),(667,'灵宝市',554,3),(668,'陕县',554,3),(669,'卢氏县',554,3),(670,'湖滨区',554,3),(671,'渑池县',554,3),(672,'邓州市',555,3),(673,'桐柏县',555,3),(674,'方城县',555,3),(675,'淅川县',555,3),(676,'镇平县',555,3),(677,'唐河县',555,3),(678,'南召县',555,3),(679,'内乡县',555,3),(680,'新野县',555,3),(681,'社旗县',555,3),(682,'西峡县',555,3),(683,'卧龙区',555,3),(684,'宛城区',555,3),(685,'南阳市市区',555,3),(686,'高新区',555,3),(687,'永城市',556,3),(688,'宁陵县',556,3),(689,'虞城县',556,3),(690,'民权县',556,3),(691,'夏邑县',556,3),(692,'柘城县',556,3),(693,'睢县',556,3),(694,'睢阳区',556,3),(695,'梁园区',556,3),(696,'项城市',557,3),(697,'商水县',557,3),(698,'淮阳县',557,3),(699,'太康县',557,3),(700,'鹿邑县',557,3),(701,'西华县',557,3),(702,'扶沟县',557,3),(703,'沈丘县',557,3),(704,'郸城县',557,3),(705,'川汇区',557,3),(706,'确山县',558,3),(707,'新蔡县',558,3),(708,'上蔡县',558,3),(709,'泌阳县',558,3),(710,'西平县',558,3),(711,'遂平县',558,3),(712,'汝南县',558,3),(713,'平舆县',558,3),(714,'正阳县',558,3),(715,'驿城区',558,3),(716,'潢川县',559,3),(717,'淮滨县',559,3),(718,'息县',559,3),(719,'新县',559,3),(720,'固始县',559,3),(721,'罗山县',559,3),(722,'光山县',559,3),(723,'平桥区',559,3),(724,'商城县',559,3),(725,'浉河区',559,3),(726,'济源市区内',560,3),(727,'辽宁',0,1),(743,'沈河区',728,3),(744,'和平区',728,3),(745,'皇姑区',728,3),(746,'铁西区',728,3),(747,'大东区',728,3),(748,'于洪区',728,3),(749,'东陵区',728,3),(750,'苏家屯区',728,3),(751,'新民区',728,3),(752,'法库县',728,3),(753,'辽中县',728,3),(754,'康平县',728,3),(755,'沈北新区',728,3),(756,'浑南新区',728,3),(757,'沙河口区',729,3),(758,'西岗区',729,3),(759,'中山区',729,3),(760,'大连开发区',729,3),(761,'高新园区',729,3),(762,'普兰店市',729,3),(763,'瓦房店市',729,3),(764,'庄河市',729,3),(765,'长海县',729,3),(766,'金州区',729,3),(767,'旅顺口区',729,3),(768,'甘井子区',729,3),(769,'台安县',730,3),(770,'海城市',730,3),(771,'岫岩满族自治县',730,3),(772,'铁东区',730,3),(773,'铁西区',730,3),(774,'立山区',730,3),(775,'千山区',730,3),(776,'抚顺县',731,3),(777,'新宾满族自治县',731,3),(778,'清原满族自治县',731,3),(779,'望花区',731,3),(780,'东洲区',731,3),(781,'新抚区',731,3),(782,'顺城区',731,3),(783,'平山区',732,3),(784,'明山区',732,3),(785,'南芬区',732,3),(786,'平山区',732,3),(787,'明山区',732,3),(788,'溪湖区',732,3),(789,'本溪满族自治县',732,3),(790,'横仁满族自治县',732,3),(791,'东港市',733,3),(792,'凤城市',733,3),(793,'宽甸满族自治县',733,3),(794,'振安区',733,3),(795,'元宝区',733,3),(796,'振兴区',733,3),(797,'义县',734,3),(798,'凌海市',734,3),(799,'北镇市',734,3),(800,'黑山县',734,3),(801,'凌河区',734,3),(802,'古塔区',734,3),(803,'太和区',734,3),(804,'兴城市',735,3),(805,'绥中县',735,3),(806,'建昌县',735,3),(807,'南票区',735,3),(808,'龙岗区',735,3),(809,'连山区',735,3),(810,'杨家杖子经济开发区',735,3),(811,'大石桥市',736,3),(812,'盖州市',736,3),(813,'鲅鱼圈区',736,3),(814,'老边区',736,3),(815,'西市区',736,3),(816,'站前区',736,3),(817,'盘山县',737,3),(818,'大洼县',737,3),(819,'兴隆台区',737,3),(820,'双台子区',737,3),(821,'阜新蒙古自治县',738,3),(822,'彰武县',738,3),(823,'细河区',738,3),(824,'清河门区',738,3),(825,'太平区',738,3),(826,'新邱区',738,3),(827,'海州区',738,3),(828,'灯塔市',739,3),(829,'辽阳县',739,3),(830,'太子河区',739,3),(831,'弓长岭区',739,3),(832,'宏伟区',739,3),(833,'文圣区',739,3),(834,'白塔区',739,3),(835,'开原市',740,3),(836,'西丰县',740,3),(837,'昌图县',740,3),(838,'铁岭县',740,3),(839,'调兵山市',740,3),(840,'清河区',740,3),(841,'银州区',740,3),(842,'凌源市',741,3),(843,'北票市',741,3),(844,'喀喇沁左翼蒙古自治县',741,3),(845,'朝阳县',741,3),(846,'建平县',741,3),(847,'双塔区',741,3),(848,'龙城区',741,3),(849,'海城市内',742,3),(850,'吉林',0,1),(864,'南关区',851,3),(865,'二道区',851,3),(866,'绿园区',851,3),(867,'朝阳区',851,3),(868,'高新区',851,3),(869,'宽城区',851,3),(870,'经济技术开发区',851,3),(871,'汽车产业开发区',851,3),(872,'德惠市',851,3),(873,'榆树市',851,3),(874,'九台市',851,3),(875,'农安县',851,3),(876,'双阳区',851,3),(877,'净月开发区',851,3),(878,'舒兰市',852,3),(879,'桦甸市',852,3),(880,'蛟河市',852,3),(881,'磐石市',852,3),(882,'永吉县',852,3),(883,'丰满区',852,3),(884,'昌邑区',852,3),(885,'龙潭区',852,3),(886,'船营区',852,3),(887,'公主岭市',853,3),(888,'双辽市',853,3),(889,'梨树县',853,3),(890,'铁西区',853,3),(891,'伊通满族自治县',853,3),(892,'铁东区',853,3),(893,'梅河口市',854,3),(894,'集安市',854,3),(895,'通化县',854,3),(896,'辉南县',854,3),(897,'柳河县',854,3),(898,'二道江区',854,3),(899,'东昌区',854,3),(900,'临江市',855,3),(901,'江源区',855,3),(902,'浑江区',855,3),(903,'靖宇县',855,3),(904,'抚松县',855,3),(905,'长白朝鲜族自治县',855,3),(906,'乾安县',856,3),(907,'长岭县',856,3),(908,'扶余县',856,3),(909,'前郭尔罗斯蒙古族自治县',856,3),(910,'宁江区',856,3),(911,'大安市',857,3),(912,'洮南市',857,3),(913,'通榆县',857,3),(914,'镇赍市',857,3),(915,'洮北区',857,3),(916,'延吉市',858,3),(917,'图们市',858,3),(918,'敦化市',858,3),(919,'珲春市',858,3),(920,'龙井市',858,3),(921,'和龙市',858,3),(922,'汪清县',858,3),(923,'安图县',858,3),(924,'图们市',859,3),(925,'敦化市',859,3),(926,'珲春市',859,3),(927,'龙井市',859,3),(928,'和龙市',859,3),(929,'汪清县',859,3),(930,'安图县',859,3),(931,'延吉市区内',859,3),(932,'公主岭市市区',860,3),(933,'龙山区',861,3),(934,'西安区',861,3),(935,'东丰县',861,3),(936,'东辽县',861,3),(937,'珲春市',862,3),(938,'集安市',863,3),(939,'黑龙江',0,1),(955,'道里区',940,3),(956,'南岗区',940,3),(957,'道外区',940,3),(958,'香坊区',940,3),(959,'平房区',940,3),(960,'经济技术开发区',940,3),(961,'阿城区',940,3),(962,'尚志市',940,3),(963,'双城市',940,3),(964,'五常市',940,3),(965,'呼兰区',940,3),(966,'方正县',940,3),(967,'宾县',940,3),(968,'依兰县',940,3),(969,'巴彦县',940,3),(970,'通河县',940,3),(971,'木兰县',940,3),(972,'延寿县',940,3),(973,'梅里斯达翰尔族区',941,3),(974,'昂昂溪区',941,3),(975,'富拉尔基区',941,3),(976,'碾子山区',941,3),(977,'讷河市',941,3),(978,'富裕县',941,3),(979,'拜泉县',941,3),(980,'甘南县',941,3),(981,'依安县',941,3),(982,'克山县',941,3),(983,'龙江县',941,3),(984,'克东县',941,3),(985,'泰来县',941,3),(986,'建华区',941,3),(987,'龙沙区',941,3),(988,'铁风区',941,3),(989,'萝北县',942,3),(990,'绥滨县',942,3),(991,'兴山区',942,3),(992,'向阳区',942,3),(993,'工农区',942,3),(994,'南山区',942,3),(995,'兴安区',942,3),(996,'东山区',942,3),(997,'集贤县',943,3),(998,'宝清县',943,3),(999,'友谊县',943,3),(1000,'饶河县',943,3),(1001,'尖山区',943,3),(1002,'岭东区',943,3),(1003,'四方台区',943,3),(1004,'宝山区',943,3),(1005,'密山市',944,3),(1006,'虎林市',944,3),(1007,'鸡东县',944,3),(1008,'鸡冠区',944,3),(1009,'恒山区',944,3),(1010,'滴道区',944,3),(1011,'梨树区',944,3),(1012,'城子河区',944,3),(1013,'麻山区',944,3),(1014,'萨尔图区',945,3),(1015,'龙凤区',945,3),(1016,'让胡路区',945,3),(1017,'红岗区',945,3),(1018,'大同区',945,3),(1019,'林甸县',945,3),(1020,'肇州县',945,3),(1021,'肇源县',945,3),(1022,'杜尔伯特蒙古族',945,3),(1023,'铁力市',946,3),(1024,'嘉荫县',946,3),(1025,'伊春区',946,3),(1026,'南岔区',946,3),(1027,'友好区',946,3),(1028,'西林区',946,3),(1029,'翠峦区',946,3),(1030,'新青区',946,3),(1031,'美溪区',946,3),(1032,'金山屯区',946,3),(1033,'五营区',946,3),(1034,'乌马河区',946,3),(1035,'汤旺河区',946,3),(1036,'带岭区',946,3),(1037,'乌伊岭区',946,3),(1038,'红星区',946,3),(1039,'上甘岭区',946,3),(1040,'东风区',946,3),(1041,'海林市',947,3),(1042,'宁安市',947,3),(1043,'穆棱市',947,3),(1044,'林口县',947,3),(1045,'东宁县',947,3),(1046,'爱民区',947,3),(1047,'东安区',947,3),(1048,'阳明区',947,3),(1049,'西安区',947,3),(1050,'绥芬河市',947,3),(1051,'同江市',948,3),(1052,'富锦市',948,3),(1053,'桦川县',948,3),(1054,'抚远县',948,3),(1055,'桦南县',948,3),(1056,'汤原县',948,3),(1057,'前进区',948,3),(1058,'永红区',948,3),(1059,'向阳区',948,3),(1060,'郊区',948,3),(1061,'勃利县',949,3),(1062,'桃山区',949,3),(1063,'新兴区',949,3),(1064,'茄子河区',949,3),(1065,'北安市',950,3),(1066,'五大连池市',950,3),(1067,'逊克县',950,3),(1068,'孙吴县',950,3),(1069,'黑河市区内',950,3),(1070,'嫩江县',950,3),(1071,'爱辉区',950,3),(1072,'安达市',951,3),(1073,'肇东市',951,3),(1074,'海伦市',951,3),(1075,'绥棱县',951,3),(1076,'兰西县',951,3),(1077,'明水县',951,3),(1078,'青冈县',951,3),(1079,'庆安县',951,3),(1080,'望奎县',951,3),(1081,'北林区',951,3),(1082,'呼玛县',952,3),(1083,'塔河县',952,3),(1084,'漠河县',952,3),(1085,'加格达奇区',952,3),(1086,'松岭区',952,3),(1087,'呼中区',952,3),(1088,'铁力市区内',953,3),(1089,'北安市',954,3),(1090,'内蒙古',0,1),(1104,'回民区',1091,3),(1105,'新城区',1091,3),(1106,'玉泉区',1091,3),(1107,'赛罕区',1091,3),(1108,'土默特左旗',1091,3),(1109,'和林格尔县',1091,3),(1110,'武川县',1091,3),(1111,'托克托县',1091,3),(1112,'清水河县',1091,3),(1113,'固阳县',1092,3),(1114,'土默特右旗',1092,3),(1115,'达尔罕茂明安联合旗',1092,3),(1116,'昆都仑区',1092,3),(1117,'东河区',1092,3),(1118,'青山区',1092,3),(1119,'石拐区',1092,3),(1120,'白云矿区',1092,3),(1121,'九原区',1092,3),(1122,'海勃湾区',1093,3),(1123,'海南区',1093,3),(1124,'乌达区',1093,3),(1125,'宁城县',1094,3),(1126,'敖汉旗',1094,3),(1127,'喀喇沁旗',1094,3),(1128,'翁牛特旗',1094,3),(1129,'巴林右旗',1094,3),(1130,'林西县',1094,3),(1131,'克什克腾旗',1094,3),(1132,'巴林左旗',1094,3),(1133,'阿鲁科尔沁旗',1094,3),(1134,'元宝山区',1094,3),(1135,'红山区',1094,3),(1136,'松山区',1094,3),(1137,'集宁区',1095,3),(1138,'丰镇市',1095,3),(1139,'兴和县',1095,3),(1140,'卓资县',1095,3),(1141,'商都县',1095,3),(1142,'凉城县',1095,3),(1143,'化德县',1095,3),(1144,'察哈尔右翼前旗',1095,3),(1145,'察哈尔右翼中旗',1095,3),(1146,'察哈尔右翼后旗',1095,3),(1147,'四子王旗',1095,3),(1148,'锡林浩特市',1096,3),(1149,'二连浩特市',1096,3),(1150,'多伦县',1096,3),(1151,'阿巴嘎旗',1096,3),(1152,'西乌珠穆沁旗',1096,3),(1153,'东乌珠穆沁旗',1096,3),(1154,'苏尼特右旗',1096,3),(1155,'苏尼特左旗',1096,3),(1156,'太仆寺旗',1096,3),(1157,'正镶白旗',1096,3),(1158,'正蓝旗',1096,3),(1159,'镶黄旗',1096,3),(1160,'海拉尔市',1097,3),(1161,'满洲里市',1097,3),(1162,'牙克石市',1097,3),(1163,'扎兰屯市',1097,3),(1164,'根河市',1097,3),(1165,'额尔古纳市',1097,3),(1166,'陈巴尔虎旗',1097,3),(1167,'阿荣旗',1097,3),(1168,'新巴尔虎左旗',1097,3),(1169,'新巴尔虎右旗',1097,3),(1170,'鄂伦春自治旗',1097,3),(1171,'莫力达瓦达翰尔族自治旗',1097,3),(1172,'鄂温克族自治旗',1097,3),(1173,'霍林郭勒市',1098,3),(1174,'科尔沁左翼中旗',1098,3),(1175,'科尔沁左翼后旗',1098,3),(1176,'库伦旗',1098,3),(1177,'奈曼旗',1098,3),(1178,'东胜区',1099,3),(1179,'准格尔旗',1099,3),(1180,'伊金霍洛旗',1099,3),(1181,'乌审旗',1099,3),(1182,'杭锦旗',1099,3),(1183,'鄂托克旗',1099,3),(1184,'鄂托克前旗',1099,3),(1185,'达拉特旗',1099,3),(1186,'临河区',1100,3),(1187,'五原县',1100,3),(1188,'磴口县',1100,3),(1189,'杭锦后旗',1100,3),(1190,'乌拉特中旗',1100,3),(1191,'乌拉特后旗',1100,3),(1192,'乌拉特前旗',1100,3),(1193,'阿拉善右旗',1101,3),(1194,'阿拉善左旗',1101,3),(1195,'额济纳旗',1101,3),(1196,'乌兰浩特市',1102,3),(1197,'阿尔山市',1102,3),(1198,'突泉县',1102,3),(1199,'扎赍特旗',1102,3),(1200,'科尔沁右翼前期',1102,3),(1201,'科尔沁右翼中旗',1102,3),(1202,'科尔沁区',1103,3),(1203,'霍林郭勒市',1103,3),(1204,'开鲁县',1103,3),(1205,'库伦旗',1103,3),(1206,'奈曼旗',1103,3),(1207,'扎鲁特旗',1103,3),(1208,'科尔沁左翼中旗',1103,3),(1209,'科尔沁左翼后旗',1103,3),(1210,'江苏',0,1),(1224,'玄武区',1211,3),(1225,'白下区',1211,3),(1226,'秦淮区',1211,3),(1227,'鼓楼区',1211,3),(1228,'下关区',1211,3),(1229,'雨花台区',1211,3),(1230,'六合区',1211,3),(1231,'建邺区',1211,3),(1232,'浦口区',1211,3),(1233,'栖霞区',1211,3),(1234,'江宁区',1211,3),(1235,'高淳县',1211,3),(1236,'溧水县',1211,3),(1237,'云龙区',1212,3),(1238,'鼓楼区',1212,3),(1239,'泉山区',1212,3),(1240,'贾汪区',1212,3),(1241,'邳州区',1212,3),(1242,'新沂市',1212,3),(1243,'铜山县',1212,3),(1244,'睢宁县',1212,3),(1245,'沛县',1212,3),(1246,'丰县',1212,3),(1247,'金山桥开发区',1212,3),(1248,'铜山经济技术开发区',1212,3),(1249,'镇集镇',1212,3),(1250,'大吴镇',1212,3),(1251,'大庙镇',1212,3),(1252,'八段工业园区',1212,3),(1253,'柳新镇',1212,3),(1254,'海州区',1213,3),(1255,'新浦区',1213,3),(1256,'连云区',1213,3),(1257,'赣榆县',1213,3),(1258,'灌云县',1213,3),(1259,'东海县',1213,3),(1260,'灌南县',1213,3),(1261,'清河区',1214,3),(1262,'淮阴区',1214,3),(1263,'经济开发区',1214,3),(1264,'清浦区',1214,3),(1265,'楚州区',1214,3),(1266,'涟水县',1214,3),(1267,'洪泽县',1214,3),(1268,'金湖县',1214,3),(1269,'盱眙县',1214,3),(1270,'宿城新区',1215,3),(1271,'宿迁市区',1215,3),(1272,'宿豫开发区',1215,3),(1273,'宿城开发区',1215,3),(1274,'宿豫区',1215,3),(1275,'宿城区',1215,3),(1276,'宿迁开发区',1215,3),(1277,'沭阳县',1215,3),(1278,'泗阳县',1215,3),(1279,'泗洪县',1215,3),(1280,'双庄街',1215,3),(1281,'三树街',1215,3),(1282,'卓圩街',1215,3),(1283,'盐都区',1216,3),(1284,'亭湖区',1216,3),(1285,'东台市',1216,3),(1286,'大丰市',1216,3),(1287,'建湖县',1216,3),(1288,'响水县',1216,3),(1289,'射阳县',1216,3),(1290,'阜宁县',1216,3),(1291,'滨海县',1216,3),(1292,'广陵区',1217,3),(1293,'邗江区',1217,3),(1294,'维扬区',1217,3),(1295,'宝应县',1217,3),(1296,'高邮市',1217,3),(1297,'江都市',1217,3),(1298,'仪征市',1217,3),(1299,'海陵区',1218,3),(1300,'泰兴市',1218,3),(1301,'姜堰市',1218,3),(1302,'靖江市',1218,3),(1303,'兴化市',1218,3),(1304,'高港区',1218,3),(1305,'通州区',1219,3),(1306,'崇川区',1219,3),(1307,'港闸区',1219,3),(1308,'南通经济技术开发区',1219,3),(1309,'通州区',1219,3),(1310,'如皋市',1219,3),(1311,'开发区',1219,3),(1312,'海门市',1219,3),(1313,'启东市',1219,3),(1314,'如东县',1219,3),(1315,'海安县',1219,3),(1316,'丹徒区',1220,3),(1317,'润州区',1220,3),(1318,'京口区',1220,3),(1319,'扬中市',1220,3),(1320,'丹阳市',1220,3),(1321,'句容市',1220,3),(1322,'钟楼区',1221,3),(1323,'天宁区',1221,3),(1324,'戚墅堰区',1221,3),(1325,'新北区',1221,3),(1326,'武进区',1221,3),(1327,'溧阳市',1221,3),(1328,'崇安区',1222,3),(1329,'南长区',1222,3),(1330,'北塘区',1222,3),(1331,'锡山区',1222,3),(1332,'新区',1222,3),(1333,'江阴市',1222,3),(1334,'滨湖区',1222,3),(1335,'惠山区',1222,3),(1336,'宜兴市',1222,3),(1337,'常熟市',1223,3),(1338,'平江市',1223,3),(1339,'沧浪区',1223,3),(1340,'金阊区',1223,3),(1341,'工业园区',1223,3),(1342,'高新区',1223,3),(1343,'昆山市',1223,3),(1344,'吴中区',1223,3),(1345,'相城区',1223,3),(1346,'太仓市',1223,3),(1347,'虎丘区',1223,3),(1348,'张家港市',1223,3),(1349,'吴江市',1223,3),(1350,'山东',0,1),(1368,'历城区',1351,3),(1369,'天桥区',1351,3),(1370,'槐荫区',1351,3),(1371,'历下区',1351,3),(1372,'市中区',1351,3),(1373,'高新区',1351,3),(1374,'章丘市',1351,3),(1375,'长清区',1351,3),(1376,'平阴县',1351,3),(1377,'济阳县',1351,3),(1378,'商河县',1351,3),(1379,'李沧区',1352,3),(1380,'胶州市',1352,3),(1381,'胶南市',1352,3),(1382,'平度市',1352,3),(1383,'即墨市',1352,3),(1384,'莱西市',1352,3),(1385,'城阳区',1352,3),(1386,'崂山区',1352,3),(1387,'黄岛区',1352,3),(1388,'四方区',1352,3),(1389,'市北区',1352,3),(1390,'市南区',1352,3),(1391,'高青县',1353,3),(1392,'沂源县',1353,3),(1393,'桓台县',1353,3),(1394,'周村区',1353,3),(1395,'淄川区',1353,3),(1396,'博山区',1353,3),(1397,'临淄区',1353,3),(1398,'张店区',1353,3),(1399,'滕州市',1354,3),(1400,'山亭区',1354,3),(1401,'台儿庄区',1354,3),(1402,'峄城区',1354,3),(1403,'薛城区',1354,3),(1404,'市中区',1354,3),(1405,'东营区',1355,3),(1406,'河口区',1355,3),(1407,'广饶县',1355,3),(1408,'利津县',1355,3),(1409,'垦利县',1355,3),(1410,'青州市',1356,3),(1411,'诸城市',1356,3),(1412,'寿光市',1356,3),(1413,'安丘市',1356,3),(1414,'高密市',1356,3),(1415,'昌邑市',1356,3),(1416,'昌乐县',1356,3),(1417,'临朐县',1356,3),(1418,'奎文区',1356,3),(1419,'坊子区',1356,3),(1420,'寒亭区',1356,3),(1421,'潍城区',1356,3),(1422,'潍坊高新技术开发区',1356,3),(1423,'福山区',1357,3),(1424,'莱山区',1357,3),(1425,'烟台开发区',1357,3),(1426,'龙口市',1357,3),(1427,'莱阳市',1357,3),(1428,'莱州市',1357,3),(1429,'招远市',1357,3),(1430,'蓬莱市',1357,3),(1431,'栖霞市',1357,3),(1432,'海阳市',1357,3),(1433,'长岛县',1357,3),(1434,'牟平区',1357,3),(1435,'芝罘区',1357,3),(1436,'乳山市',1358,3),(1437,'文登市',1358,3),(1438,'荣成市',1358,3),(1439,'环翠区',1358,3),(1440,'高区',1358,3),(1441,'经济技术开发区',1358,3),(1442,'莱城区',1359,3),(1443,'钢城区',1359,3),(1444,'乐陵市',1360,3),(1445,'禹城市',1360,3),(1446,'陵县',1360,3),(1447,'宁津县',1360,3),(1448,'齐河县',1360,3),(1449,'武城县',1360,3),(1450,'庆云县',1360,3),(1451,'平原县',1360,3),(1452,'临邑县',1360,3),(1453,'夏津县',1360,3),(1454,'德城区',1360,3),(1455,'沂南县',1361,3),(1456,'沂水县',1361,3),(1457,'苍山县',1361,3),(1458,'费县',1361,3),(1459,'平邑县',1361,3),(1460,'蒙阴县',1361,3),(1461,'临沭县',1361,3),(1462,'河东区',1361,3),(1463,'莒南县',1361,3),(1464,'郯城县',1361,3),(1465,'罗庄区',1361,3),(1466,'兰山区',1361,3),(1467,'临清市',1362,3),(1468,'东昌府区',1362,3),(1469,'阳谷县',1362,3),(1470,'荏平县',1362,3),(1471,'莘县',1362,3),(1472,'东阿县',1362,3),(1473,'冠县',1362,3),(1474,'高唐',1362,3),(1475,'滨城区',1363,3),(1476,'邹平县',1363,3),(1477,'沾化县',1363,3),(1478,'惠民县',1363,3),(1479,'博兴县',1363,3),(1480,'阳信县',1363,3),(1481,'无棣县',1363,3),(1482,'菏泽市',1364,3),(1483,'单县',1364,3),(1484,'曹县',1364,3),(1485,'定陶县',1364,3),(1486,'巨野县',1364,3),(1487,'成武县',1364,3),(1488,'东明县',1364,3),(1489,'郓城县',1364,3),(1490,'鄄城县',1364,3),(1491,'牡丹区',1364,3),(1492,'东港区',1365,3),(1493,'五莲县',1365,3),(1494,'莒县',1365,3),(1495,'岚山区',1365,3),(1496,'新市区',1365,3),(1497,'新泰市',1366,3),(1498,'东平县',1366,3),(1499,'宁阳县',1366,3),(1500,'肥城市',1366,3),(1501,'岱岳区',1366,3),(1502,'泰山区',1366,3),(1503,'邹城市',1367,3),(1504,'梁山县',1367,3),(1505,'曲阜市',1367,3),(1506,'兖州市',1367,3),(1507,'济宁市',1367,3),(1508,'微山县',1367,3),(1509,'汶上县',1367,3),(1510,'泗水县',1367,3),(1511,'嘉祥县',1367,3),(1512,'鱼台县',1367,3),(1513,'金乡县',1367,3),(1514,'任城区',1367,3),(1515,'市中区',1367,3),(1516,'安徽',0,1),(1537,'铜陵县',1517,3),(1538,'郊区',1517,3),(1539,'狮子山区',1517,3),(1540,'铜官山区',1517,3),(1541,'包河区',1518,3),(1542,'蜀山区',1518,3),(1543,'瑶海区',1518,3),(1544,'庐阳区',1518,3),(1545,'经济技术开发区',1518,3),(1546,'高新技术开发区',1518,3),(1547,'经济开发区',1518,3),(1548,'长丰县',1518,3),(1549,'肥西县',1518,3),(1550,'肥东县',1518,3),(1551,'凤台县',1519,3),(1552,'田家庵区',1519,3),(1553,'大通区',1519,3),(1554,'谢家集区',1519,3),(1555,'八公山区',1519,3),(1556,'潘集区',1519,3),(1557,'濉溪县',1520,3),(1558,'烈山区',1520,3),(1559,'杜集区',1520,3),(1560,'相山区',1520,3),(1561,'镜湖区',1521,3),(1562,'弋江区',1521,3),(1563,'鸠江区',1521,3),(1564,'新芜区',1521,3),(1565,'马塘区',1521,3),(1566,'芜湖县',1521,3),(1567,'繁昌县',1521,3),(1568,'南陵县',1521,3),(1569,'淮上区',1522,3),(1570,'禹会区',1522,3),(1571,'龙子湖区',1522,3),(1572,'怀远县',1522,3),(1573,'固镇县',1522,3),(1574,'五河县',1522,3),(1575,'金家庄区',1523,3),(1576,'花山区',1523,3),(1577,'雨山区',1523,3),(1578,'当涂县',1523,3),(1579,'当涂县',1524,3),(1580,'宜秀区',1525,3),(1581,'大观区',1525,3),(1582,'迎江区',1525,3),(1583,'安庆市开发区',1525,3),(1584,'桐城市',1525,3),(1585,'宿松县',1525,3),(1586,'枞阳县',1525,3),(1587,'太湖县',1525,3),(1588,'怀宁县',1525,3),(1589,'岳西县',1525,3),(1590,'望江县',1525,3),(1591,'潜山县',1525,3),(1592,'郊区',1525,3),(1593,'休宁县',1526,3),(1594,'歙县',1526,3),(1595,'黟县',1526,3),(1596,'祁门县',1526,3),(1597,'屯溪区',1526,3),(1599,'徽州区',1526,3),(1600,'琅琊区',1527,3),(1601,'南谯区',1527,3),(1602,'天长市',1527,3),(1603,'明光市',1527,3),(1604,'全椒县',1527,3),(1605,'来安县',1527,3),(1606,'定远县',1527,3),(1607,'凤阳县',1527,3),(1608,'颍州区',1528,3),(1609,'颍东区',1528,3),(1610,'颍泉区',1528,3),(1611,'阜阳经济技术开发区',1528,3),(1612,'界首市',1528,3),(1613,'太和县',1528,3),(1614,'阜南县',1528,3),(1615,'颍上县',1528,3),(1616,'临泉县',1528,3),(1617,'利辛县',1529,3),(1618,'蒙城县',1529,3),(1619,'涡阳县',1529,3),(1620,'谯城区',1529,3),(1621,'灵璧县',1530,3),(1622,'泗县',1530,3),(1623,'萧县',1530,3),(1624,'砀山县',1530,3),(1625,'埇桥区',1530,3),(1626,'含山县',1531,3),(1627,'和县',1531,3),(1628,'无为县',1531,3),(1629,'庐江县',1531,3),(1630,'居巢区',1531,3),(1631,'宁国市',1532,3),(1632,'广德县',1532,3),(1633,'郎溪县',1532,3),(1634,'泾县',1532,3),(1635,'旌德县',1532,3),(1636,'绩溪县',1532,3),(1637,'宜城市区内',1532,3),(1638,'东至县',1533,3),(1639,'石台县',1533,3),(1640,'青阳县',1533,3),(1641,'贵池区',1533,3),(1642,'寿县',1534,3),(1643,'霍山县',1534,3),(1644,'金寨县',1534,3),(1645,'霍邱县',1534,3),(1646,'舒城县',1534,3),(1647,'金安区',1534,3),(1648,'裕安区',1534,3),(1649,'宣州区',1535,3),(1650,'旌德县',1535,3),(1651,'宁国市',1535,3),(1652,'郎溪县',1535,3),(1653,'广德县',1535,3),(1654,'绩溪县',1535,3),(1655,'凤阳县',1536,3),(1656,'浙江',0,1),(1668,'海曙区',1657,3),(1669,'江东区',1657,3),(1670,'鄞州中心区',1657,3),(1671,'余姚市',1657,3),(1672,'江北区',1657,3),(1673,'宁波保税区',1657,3),(1674,'高新科技开发区',1657,3),(1675,'北仑区',1657,3),(1676,'镇海区',1657,3),(1677,'慈溪市',1657,3),(1678,'奉化市',1657,3),(1679,'宁海县',1657,3),(1680,'象山县',1657,3),(1681,'江干区',1658,3),(1682,'滨江区',1658,3),(1683,'上城区',1658,3),(1684,'下城区',1658,3),(1685,'拱墅区',1658,3),(1686,'西湖区',1658,3),(1687,'下沙区',1658,3),(1688,'良渚镇',1658,3),(1689,'萧山区',1658,3),(1690,'乔司镇',1658,3),(1691,'余杭区',1658,3),(1692,'闲林镇',1658,3),(1693,'瓶窑镇',1658,3),(1694,'临平镇',1658,3),(1695,'临安市',1658,3),(1696,'富阳市',1658,3),(1697,'桐庐县',1658,3),(1698,'建德市',1658,3),(1699,'淳安县',1658,3),(1700,'温州茶山高教园区',1659,3),(1701,'郭溪镇',1659,3),(1702,'瞿溪镇',1659,3),(1703,'潘桥镇',1659,3),(1704,'南白象镇',1659,3),(1705,'永嘉县',1659,3),(1706,'龙湾区',1659,3),(1707,'鹿城区',1659,3),(1708,'瓯海区',1659,3),(1709,'乐清市',1659,3),(1710,'永嘉县',1659,3),(1711,'瑞安市',1659,3),(1712,'文成县',1659,3),(1713,'平阳县',1659,3),(1714,'泰顺县',1659,3),(1715,'洞头县',1659,3),(1716,'苍南县',1659,3),(1717,'龙湾区海城街道',1659,3),(1718,'南湖区',1660,3),(1719,'秀洲区',1660,3),(1720,'桐乡市',1660,3),(1721,'平湖市',1660,3),(1722,'嘉善县',1660,3),(1723,'南浔区',1660,3),(1724,'海盐县',1660,3),(1725,'嘉兴经济开发区',1660,3),(1726,'海宁市',1660,3),(1727,'吴兴区',1661,3),(1728,'南浔区',1661,3),(1729,'长兴县',1661,3),(1730,'德清县',1661,3),(1731,'安吉县',1661,3),(1732,'绍兴市市内',1662,3),(1733,'绍兴县',1662,3),(1734,'袍江工业园',1662,3),(1735,'诸暨市',1662,3),(1736,'上虞市',1662,3),(1737,'嵊州市 ',1662,3),(1738,'新昌县',1662,3),(1739,'金东区',1663,3),(1740,'婺城区',1663,3),(1741,'义乌市',1663,3),(1742,'东阳市',1663,3),(1743,'永康市',1663,3),(1744,'武义县',1663,3),(1745,'浦江县',1663,3),(1746,'磐安县',1663,3),(1747,'兰溪市',1663,3),(1748,'衢江区 ',1664,3),(1749,'江山市',1664,3),(1750,'常山县',1664,3),(1751,'开化县',1664,3),(1752,'龙游县',1664,3),(1753,'柯城区',1664,3),(1754,'莲都区',1665,3),(1755,'龙泉市',1665,3),(1756,'缙云县',1665,3),(1757,'遂昌县',1665,3),(1758,'松阳县',1665,3),(1759,'景宁畚族自治县',1665,3),(1760,'云和县',1665,3),(1761,'青田县',1665,3),(1762,'庆元县',1665,3),(1763,'临海市',1666,3),(1764,'温岭市',1666,3),(1765,'玉环县',1666,3),(1766,'三门县',1666,3),(1767,'天台县',1666,3),(1768,'仙居县',1666,3),(1769,'椒江区',1666,3),(1770,'黄岩区',1666,3),(1771,'路桥区',1666,3),(1772,'普陀区',1667,3),(1773,'岱山县',1667,3),(1774,'嵊泗县',1667,3),(1775,'定海区',1667,3),(1776,'福建',0,1),(1786,'台江区',1777,3),(1787,'鼓楼区',1777,3),(1788,'晋安区',1777,3),(1789,'仓山区',1777,3),(1790,'马尾区',1777,3),(1791,'长乐市',1777,3),(1792,'福清市',1777,3),(1793,'闽侯县',1777,3),(1794,'平潭县',1777,3),(1795,'连江县',1777,3),(1796,'罗源县',1777,3),(1797,'永泰县',1777,3),(1798,'闽清县',1777,3),(1799,'思明区',1778,3),(1800,'海沧区',1778,3),(1801,'湖里区',1778,3),(1802,'集美区',1778,3),(1803,'同安区',1778,3),(1804,'翔安区',1778,3),(1805,'永安市',1779,3),(1806,'明溪县',1779,3),(1807,'将乐县',1779,3),(1808,'大田县',1779,3),(1809,'宁化县',1779,3),(1810,'建宁县',1779,3),(1811,'沙县',1779,3),(1812,'龙溪县',1779,3),(1813,'清流县',1779,3),(1814,'泰宁县',1779,3),(1815,'梅列区',1779,3),(1816,'三元区',1779,3),(1817,'城厢区',1780,3),(1818,'荔城区',1780,3),(1819,'秀屿区',1780,3),(1820,'仙游区',1780,3),(1821,'涵江区',1780,3),(1822,'鲤城区',1781,3),(1823,'丰泽区',1781,3),(1824,'洛江区',1781,3),(1825,'石狮市',1781,3),(1826,'晋江市',1781,3),(1827,'南安市',1781,3),(1828,'惠安县',1781,3),(1829,'安溪县',1781,3),(1830,'德化县',1781,3),(1831,'永春县',1781,3),(1832,'泉港区',1781,3),(1833,'金门县',1781,3),(1834,'龙海市',1782,3),(1835,'平和县',1782,3),(1836,'南靖县',1782,3),(1837,'诏安县',1782,3),(1838,'漳浦县',1782,3),(1839,'华安县',1782,3),(1840,'云霄县',1782,3),(1841,'东山县',1782,3),(1842,'长泰县',1782,3),(1843,'芗城区',1782,3),(1844,'龙文区',1782,3),(1845,'建瓯市',1783,3),(1846,'邵武市',1783,3),(1847,'武夷山市',1783,3),(1848,'建阳市',1783,3),(1849,'松溪县',1783,3),(1850,'顺昌县',1783,3),(1851,'浦城县',1783,3),(1852,'政和县',1783,3),(1853,'延平区',1783,3),(1854,'光泽县',1783,3),(1855,'漳平市',1784,3),(1856,'长汀县',1784,3),(1857,'武平县',1784,3),(1858,'永定县',1784,3),(1859,'上杭县',1784,3),(1861,'新罗区',1784,3),(1862,'福安市',1785,3),(1863,'福鼎市',1785,3),(1864,'寿宁县',1785,3),(1865,'霞浦县',1785,3),(1866,'柘荣县',1785,3),(1867,'屏南县',1785,3),(1868,'古田县',1785,3),(1869,'周宁县',1785,3),(1870,'宁德市',1785,3),(1871,'湖北',0,1),(1893,'硚口区',1872,3),(1894,'汉阳区',1872,3),(1895,'青山区',1872,3),(1896,'洪山区',1872,3),(1897,'东西湖区',1872,3),(1898,'江岸区',1872,3),(1899,'武昌区',1872,3),(1900,'江汉区',1872,3),(1901,'蔡甸区',1872,3),(1902,'江夏区',1872,3),(1903,'新洲区',1872,3),(1904,'黄陂区',1872,3),(1905,'汉南区',1872,3),(1906,'西塞山区',1873,3),(1907,'黄石港区',1873,3),(1908,'下陆区',1873,3),(1909,'铁山区',1873,3),(1910,'大冶市',1873,3),(1911,'阳新县',1873,3),(1912,'老河口市',1874,3),(1913,'枣阳市',1874,3),(1914,'宜城市',1874,3),(1915,'南漳县',1874,3),(1916,'保康县',1874,3),(1917,'谷城县',1874,3),(1918,'襄阳区',1874,3),(1919,'樊城区',1874,3),(1920,'襄城区',1874,3),(1921,'丹江口市',1875,3),(1922,'房县',1875,3),(1923,'竹山县',1875,3),(1924,'竹溪县',1875,3),(1925,'郧县',1875,3),(1926,'郧西县',1875,3),(1927,'茅箭区',1875,3),(1928,'张湾区',1875,3),(1929,'江陵县',1876,3),(1930,'洪湖市',1876,3),(1931,'石首市',1876,3),(1932,'松滋市',1876,3),(1933,'监利县',1876,3),(1934,'公安县',1876,3),(1935,'沙市区',1876,3),(1936,'荆州区',1876,3),(1937,'当阳市',1877,3),(1938,'枝江市',1877,3),(1939,'夷陵区',1877,3),(1940,'秭归县',1877,3),(1941,'兴山县',1877,3),(1942,'远安县',1877,3),(1943,'五峰土家族自治县',1877,3),(1944,'长阳土家族自治县',1877,3),(1945,'宜都市',1877,3),(1946,'猇亭区',1877,3),(1947,'点军区',1877,3),(1948,'伍家岗区',1877,3),(1949,'西陵区',1877,3),(1950,'应城市',1878,3),(1951,'安陆市',1878,3),(1952,'汉川市',1878,3),(1953,'云梦县',1878,3),(1954,'大悟县',1878,3),(1955,'孝昌县',1878,3),(1956,'孝南区',1878,3),(1957,'麻城市',1879,3),(1958,'武穴市',1879,3),(1959,'红安县',1879,3),(1960,'罗田县',1879,3),(1961,'浠水县',1879,3),(1962,'黄梅县',1879,3),(1963,'英山县',1879,3),(1964,'团风县',1879,3),(1965,'蕲春县',1879,3),(1966,'黄州区',1879,3),(1967,'仙桃市',1879,3),(1968,'咸安区',1880,3),(1969,'赤壁市',1880,3),(1970,'嘉鱼县',1880,3),(1971,'通山县',1880,3),(1972,'崇阳县',1880,3),(1973,'通城县',1880,3),(1974,'恩施市',1881,3),(1975,'利川市',1881,3),(1976,'建始县',1881,3),(1977,'来凤县',1881,3),(1978,'巴东县',1881,3),(1979,'鹤峰县',1881,3),(1980,'宣恩县',1881,3),(1981,'咸丰县',1881,3),(1982,'鄂城区',1882,3),(1983,'梁子湖区',1882,3),(1984,'华容区',1882,3),(1985,'京山县',1883,3),(1986,'钟祥市',1883,3),(1987,'沙洋县',1883,3),(1988,'掇刀区',1883,3),(1989,'东宝区',1883,3),(1990,'广水市',1884,3),(1991,'曾都区',1884,3),(1992,'潜江市区内',1885,3),(1993,'天门市',1886,3),(1994,'仙桃市区',1887,3),(1995,'宜都市',1888,3),(1996,'钟祥市',1889,3),(1997,'神农架林区',1890,3),(1998,'恩施市',1891,3),(1999,'洪湖市',1892,3),(2000,'湖南',0,1),(2017,'芙蓉区',2001,3),(2018,'雨花区',2001,3),(2019,'开福区',2001,3),(2020,'岳麓区',2001,3),(2021,'浏阳市',2001,3),(2022,'长沙县',2001,3),(2023,'望城县',2001,3),(2024,'宁乡县',2001,3),(2025,'天心区',2001,3),(2026,'天元区',2002,3),(2027,'石峰区',2002,3),(2028,'芦淞区',2002,3),(2029,'荷塘区',2002,3),(2030,'醴陵市',2002,3),(2031,'株洲县',2002,3),(2032,'攸县',2002,3),(2033,'茶陵县',2002,3),(2034,'炎陵县',2002,3),(2035,'湘乡市',2003,3),(2036,'湘潭县',2003,3),(2037,'韶山市',2003,3),(2038,'雨湖区',2003,3),(2039,'岳塘区',2003,3),(2040,'韶山市',2004,3),(2041,'常宁市',2005,3),(2042,'衡阳县',2005,3),(2043,'耒阳市',2005,3),(2044,'衡东县',2005,3),(2045,'衡南县',2005,3),(2046,'衡山县',2005,3),(2047,'祁东县',2005,3),(2048,'南岳区',2005,3),(2049,'蒸湘区',2005,3),(2050,'石鼓区',2005,3),(2051,'珠晖区',2005,3),(2052,'雁峰区',2005,3),(2053,'武冈市',2006,3),(2054,'邵东县',2006,3),(2055,'洞口县',2006,3),(2056,'新邵县',2006,3),(2057,'绥宁县',2006,3),(2058,'新宁县',2006,3),(2059,'邵阳县',2006,3),(2060,'隆回县',2006,3),(2061,'城步苗族自治县',2006,3),(2062,'北塔区',2006,3),(2063,'大祥区',2006,3),(2064,'双清区',2006,3),(2065,'临湘市',2007,3),(2066,'汨罗市',2007,3),(2067,'岳阳县',2007,3),(2068,'湘阴县',2007,3),(2069,'华容县',2007,3),(2070,'平江县',2007,3),(2071,'岳阳楼区',2007,3),(2072,'君山区',2007,3),(2073,'云溪区',2007,3),(2074,'津市市',2008,3),(2075,'澧县',2008,3),(2076,'临澧县',2008,3),(2077,'桃源县',2008,3),(2078,'汉寿县',2008,3),(2079,'石门县',2008,3),(2080,'安乡县',2008,3),(2081,'鼎城区',2008,3),(2082,'武陵区',2008,3),(2083,'慈利县',2009,3),(2084,'桑植县',2009,3),(2085,'武陵源区',2009,3),(2086,'永定区',2009,3),(2087,'资兴市',2010,3),(2088,'宜章县',2010,3),(2089,'安仁县',2010,3),(2090,'汝城县',2010,3),(2091,'嘉禾县',2010,3),(2092,'临武县',2010,3),(2093,'桂东县',2010,3),(2094,'永兴县',2010,3),(2095,'桂阳县',2010,3),(2096,'苏仙区',2010,3),(2097,'北湖区',2010,3),(2098,'南县',2011,3),(2099,'桃江县',2011,3),(2100,'安化县',2011,3),(2101,'资阳区',2011,3),(2102,'沅江市',2011,3),(2103,'赫山区',2011,3),(2104,'冷水滩区',2012,3),(2105,'祁阳县',2012,3),(2106,'双牌县',2012,3),(2107,'道县',2012,3),(2108,'江永县',2012,3),(2109,'江华瑶族自治县',2012,3),(2110,'宁远县',2012,3),(2111,'新田县',2012,3),(2112,'蓝山县',2012,3),(2113,'东安县',2012,3),(2114,'零陵区',2012,3),(2115,'洪江市',2013,3),(2116,'会同县',2013,3),(2117,'溆浦县',2013,3),(2118,'辰溪县',2013,3),(2119,'靖州苗族侗族自治县',2013,3),(2120,'通道侗族自治县',2013,3),(2121,'芷江侗族自治县',2013,3),(2122,'新晃东族自治县',2013,3),(2123,'麻阳苗族自治县',2013,3),(2124,'怀化市区内',2013,3),(2125,'沅陵县',2013,3),(2126,'鹤城区',2013,3),(2127,'中方县',2013,3),(2128,'娄底市',2014,3),(2129,'冷水江市',2014,3),(2130,'涟源市',2014,3),(2131,'新化县',2014,3),(2132,'双峰县',2014,3),(2133,'娄星区',2014,3),(2134,'吉首市',2015,3),(2135,'古丈县',2015,3),(2136,'龙山县',2015,3),(2137,'永顺县',2015,3),(2138,'泸溪县',2015,3),(2139,'凤凰县',2015,3),(2140,'花垣县',2015,3),(2141,'保靖县',2015,3),(2142,'耒阳市',2016,3),(2143,'蔡子池区',2016,3),(2144,'广东',0,1),(2166,'白云区',2145,3),(2167,'天河区',2145,3),(2168,'海珠区',2145,3),(2169,'荔湾区',2145,3),(2170,'越秀区',2145,3),(2171,'番禺区',2145,3),(2172,'黄浦区',2145,3),(2173,'增城市',2145,3),(2174,'花都区',2145,3),(2175,'从化市',2145,3),(2176,'南沙区',2145,3),(2177,'萝岗区',2145,3),(2178,'宝安区',2146,3),(2179,'盐田区',2146,3),(2180,'龙岗区',2146,3),(2181,'南山区',2146,3),(2182,'宝安区',2146,3),(2183,'罗湖区',2146,3),(2184,'福田区',2146,3),(2185,'香洲区',2147,3),(2186,'拱北区',2147,3),(2187,'金塘区',2147,3),(2188,'斗门区',2147,3),(2189,'金湾区',2147,3),(2190,'吉大区',2147,3),(2191,'龙湖区',2148,3),(2192,'金平区',2148,3),(2193,'澄海区',2148,3),(2194,'南澳县',2148,3),(2195,'濠江区',2148,3),(2196,'潮阳区',2148,3),(2197,'潮南区',2148,3),(2198,'武江区',2149,3),(2199,'浈江区',2149,3),(2200,'南雄市',2149,3),(2201,'乐昌市',2149,3),(2202,'仁化县',2149,3),(2203,'始兴县',2149,3),(2204,'翁源县',2149,3),(2205,'曲江县',2149,3),(2206,'新丰县',2149,3),(2207,'乳源瑶族自治县',2149,3),(2208,'曲江区',2149,3),(2209,'东源县',2150,3),(2210,'源城区',2150,3),(2211,'和平县',2150,3),(2212,'龙川县',2150,3),(2213,'紫金县',2150,3),(2214,'连平县',2150,3),(2215,'梅江区',2151,3),(2216,'兴宁市',2151,3),(2217,'梅县',2151,3),(2218,'蕉岭县',2151,3),(2219,'大埔县',2151,3),(2220,'丰顺县',2151,3),(2221,'五华县',2151,3),(2222,'平原县',2151,3),(2223,'惠城区',2152,3),(2224,'惠阳区',2152,3),(2225,'惠东县',2152,3),(2226,'博罗县',2152,3),(2227,'龙门县',2152,3),(2228,'大亚湾区',2152,3),(2229,'陆丰市',2153,3),(2230,'陆河市',2153,3),(2231,'城区',2153,3),(2232,'海丰县',2153,3),(2233,'东城区',2154,3),(2234,'莞城区',2154,3),(2235,'南城区',2154,3),(2236,'长安镇',2154,3),(2237,'虎门镇',2154,3),(2238,'万江区',2154,3),(2239,'东城区',2154,3),(2240,'中堂镇',2154,3),(2241,'大岭山镇',2154,3),(2242,'大朗镇',2154,3),(2243,'厚街镇',2154,3),(2244,'凤岗镇',2154,3),(2245,'常平镇',2154,3),(2246,'横沥镇',2154,3),(2247,'东坑镇',2154,3),(2248,'黄江镇',2154,3),(2249,'樟木头镇',2154,3),(2250,'塘厦镇',2154,3),(2251,'道滘镇',2154,3),(2252,'清溪镇',2154,3),(2253,'沙田镇',2154,3),(2254,'高步镇',2154,3),(2255,'石龙镇',2154,3),(2256,'石排镇',2154,3),(2257,'企石镇',2154,3),(2258,'石碣镇',2154,3),(2259,'寮步镇',2154,3),(2260,'洪梅镇',2154,3),(2261,'麻涌镇',2154,3),(2262,'桥头镇',2154,3),(2263,'望牛墩镇',2154,3),(2264,'茶山镇',2154,3),(2265,'谢岗镇',2154,3),(2266,'松山湖',2154,3),(2267,'中山市内',2155,3),(2268,'南朗镇',2155,3),(2269,'小榄镇',2155,3),(2270,'古镇',2155,3),(2271,'坦洲镇',2155,3),(2272,'黄圃镇',2155,3),(2273,'三乡镇',2155,3),(2274,'东凤镇',2155,3),(2275,'横栏真',2155,3),(2276,'三角镇',2155,3),(2277,'南头镇',2155,3),(2278,'民众镇',2155,3),(2279,'沙溪镇',2155,3),(2280,'五桂山镇',2155,3),(2281,'阜沙镇',2155,3),(2282,'东升镇',2155,3),(2283,'板芙镇',2155,3),(2284,'神湾镇',2155,3),(2285,'港口镇',2155,3),(2286,'火炬开发区',2155,3),(2287,'大涌镇',2155,3),(2288,'江海区',2156,3),(2289,'蓬江区',2156,3),(2290,'台山市',2156,3),(2291,'新会区',2156,3),(2292,'开平市',2156,3),(2293,'鹤山市',2156,3),(2294,'恩平市',2156,3),(2295,'禅城区市区',2157,3),(2296,'南海区',2157,3),(2297,'顺德区',2157,3),(2298,'高明区',2157,3),(2299,'三水区郊区',2157,3),(2300,'阳东县',2158,3),(2301,'江城区',2158,3),(2302,'阳春市',2158,3),(2303,'阳西县',2158,3),(2304,'霞山区',2159,3),(2305,'赤坎区',2159,3),(2306,'遂溪县',2159,3),(2307,'开发区',2159,3),(2308,'廉江市',2159,3),(2309,'雷州市',2159,3),(2310,'吴川市',2159,3),(2311,'徐闻县',2159,3),(2312,'麻章区',2159,3),(2349,'广西',0,1),(2499,'江西',0,1),(2613,'四川',0,1),(2821,'海南',0,1),(3026,'贵州',0,1),(3125,'云南',0,1),(3270,'西藏',0,1),(3351,'陕西',0,1),(3472,'甘肃',0,1),(3586,'青海',0,1),(3643,'宁夏',0,1),(3672,'新疆',0,1),(3791,'台湾',0,1),(3794,'香港',0,1),(3797,'澳门',0,1),(3800,'钓鱼岛',0,1);
/*!40000 ALTER TABLE `cx_area` ENABLE KEYS */;
UNLOCK TABLES;

--
-- Table structure for table `cx_auth`
--

DROP TABLE IF EXISTS `cx_auth`;
/*!40101 SET @saved_cs_client     = @@character_set_client */;
/*!40101 SET character_set_client = utf8 */;
CREATE TABLE `cx_auth` (
  `role_id` tinyint(3) NOT NULL,
  `menu_id` smallint(6) NOT NULL,
  KEY `role_id` (`role_id`,`menu_id`)
) ENGINE=InnoDB DEFAULT CHARSET=utf8 ROW_FORMAT=DYNAMIC COMMENT='用户权限表';
/*!40101 SET character_set_client = @saved_cs_client */;

--
-- Dumping data for table `cx_auth`
--

LOCK TABLES `cx_auth` WRITE;
/*!40000 ALTER TABLE `cx_auth` DISABLE KEYS */;
INSERT INTO `cx_auth` VALUES (1,1),(1,2),(1,3),(1,4),(1,5),(1,6),(1,43),(1,50),(1,52),(1,70),(1,71),(1,99),(1,100),(1,101),(1,115),(1,116),(1,117),(1,120),(1,121),(1,122),(1,123),(1,124),(1,125),(1,126),(1,127),(1,128);
/*!40000 ALTER TABLE `cx_auth` ENABLE KEYS */;
UNLOCK TABLES;

--
-- Table structure for table `cx_class`
--

DROP TABLE IF EXISTS `cx_class`;
/*!40101 SET @saved_cs_client     = @@character_set_client */;
/*!40101 SET character_set_client = utf8 */;
CREATE TABLE `cx_class` (
  `id` int(11) NOT NULL AUTO_INCREMENT,
  `class_name` varchar(100) DEFAULT NULL COMMENT '班级名称',
  `grate_id` int(11) DEFAULT NULL COMMENT '年级id',
  `grate_name` varchar(100) DEFAULT NULL COMMENT '年级名称',
  `sort` tinyint(6) DEFAULT NULL COMMENT '排序',
  `status` tinyint(4) DEFAULT '1' COMMENT '状态',
  PRIMARY KEY (`id`)
) ENGINE=MyISAM AUTO_INCREMENT=5 DEFAULT CHARSET=utf8 COMMENT='班级';
/*!40101 SET character_set_client = @saved_cs_client */;

--
-- Dumping data for table `cx_class`
--

LOCK TABLES `cx_class` WRITE;
/*!40000 ALTER TABLE `cx_class` DISABLE KEYS */;
INSERT INTO `cx_class` VALUES (2,'二班',6,NULL,2,1),(3,'一班',8,NULL,1,1),(4,'二班',8,NULL,2,1);
/*!40000 ALTER TABLE `cx_class` ENABLE KEYS */;
UNLOCK TABLES;

--
-- Table structure for table `cx_discussion`
--

DROP TABLE IF EXISTS `cx_discussion`;
/*!40101 SET @saved_cs_client     = @@character_set_client */;
/*!40101 SET character_set_client = utf8 */;
CREATE TABLE `cx_discussion` (
  `id` int(11) NOT NULL AUTO_INCREMENT,
  `teaching_video_id` int(11) DEFAULT NULL COMMENT '教学视频id',
  `student_id` int(11) DEFAULT NULL COMMENT '学生id',
  `teacher_id` int(11) DEFAULT NULL COMMENT '老师id',
  PRIMARY KEY (`id`)
) ENGINE=MyISAM AUTO_INCREMENT=20 DEFAULT CHARSET=utf8 COMMENT='师生讨论';
/*!40101 SET character_set_client = @saved_cs_client */;

--
-- Dumping data for table `cx_discussion`
--

LOCK TABLES `cx_discussion` WRITE;
/*!40000 ALTER TABLE `cx_discussion` DISABLE KEYS */;
INSERT INTO `cx_discussion` VALUES (18,11,3,NULL),(17,11,3,NULL),(16,11,3,NULL),(15,10,3,NULL),(14,9,3,NULL),(13,9,3,NULL),(12,8,3,NULL),(11,8,3,NULL),(10,8,3,NULL),(19,2,3,NULL);
/*!40000 ALTER TABLE `cx_discussion` ENABLE KEYS */;
UNLOCK TABLES;

--
-- Table structure for table `cx_discussion_detail`
--

DROP TABLE IF EXISTS `cx_discussion_detail`;
/*!40101 SET @saved_cs_client     = @@character_set_client */;
/*!40101 SET character_set_client = utf8 */;
CREATE TABLE `cx_discussion_detail` (
  `id` int(11) NOT NULL AUTO_INCREMENT,
  `discussion_id` int(11) DEFAULT NULL,
  `stu_content` varchar(1024) DEFAULT NULL COMMENT '学生留言内容',
  `tea_content` varchar(1024) DEFAULT NULL COMMENT '教师留言内容',
  `stu_is_read` tinyint(4) DEFAULT '0' COMMENT '学生是否已读 1：是 0：否',
  `tea_is_read` tinyint(4) DEFAULT '0' COMMENT '教师是否已读 1：是 0：否',
  `stu_add_time` int(11) DEFAULT NULL COMMENT '学生留言时间',
  `tea_add_time` int(11) DEFAULT NULL COMMENT '教师留言时间',
  PRIMARY KEY (`id`)
) ENGINE=MyISAM AUTO_INCREMENT=20 DEFAULT CHARSET=utf8 COMMENT='师生讨论详情表';
/*!40101 SET character_set_client = @saved_cs_client */;

--
-- Dumping data for table `cx_discussion_detail`
--

LOCK TABLES `cx_discussion_detail` WRITE;
/*!40000 ALTER TABLE `cx_discussion_detail` DISABLE KEYS */;
INSERT INTO `cx_discussion_detail` VALUES (14,14,'但是内容非常紧凑',NULL,1,0,1574776308,NULL),(13,13,'这个课好长',NULL,1,0,1574776293,NULL),(12,12,'今天学完了三个课程，感觉自己离满分不远了',NULL,1,0,1574776263,NULL),(11,11,'同学们都很喜欢这道题',NULL,1,0,1574776247,NULL),(10,10,'老师请问这道题怎么做',NULL,1,0,1574776234,NULL),(15,15,'填空题设置的难度太高了，但是动脑引用课中的内容就不觉得那么难了呢',NULL,1,0,1574776348,NULL),(16,16,'沙发',NULL,1,0,1574776381,NULL),(17,17,'板凳',NULL,1,0,1574776385,NULL),(18,18,'地板',NULL,1,0,1574776389,NULL),(19,19,'没点评论看不出啥东西',NULL,1,0,1575107794,NULL);
/*!40000 ALTER TABLE `cx_discussion_detail` ENABLE KEYS */;
UNLOCK TABLES;

--
-- Table structure for table `cx_grate`
--

DROP TABLE IF EXISTS `cx_grate`;
/*!40101 SET @saved_cs_client     = @@character_set_client */;
/*!40101 SET character_set_client = utf8 */;
CREATE TABLE `cx_grate` (
  `id` int(11) NOT NULL AUTO_INCREMENT,
  `grate_name` varchar(100) DEFAULT NULL COMMENT '年级名称',
  `sort` tinyint(4) DEFAULT NULL,
  `status` tinyint(4) DEFAULT '1' COMMENT '状态',
  PRIMARY KEY (`id`)
) ENGINE=MyISAM AUTO_INCREMENT=7 DEFAULT CHARSET=utf8;
/*!40101 SET character_set_client = @saved_cs_client */;

--
-- Dumping data for table `cx_grate`
--

LOCK TABLES `cx_grate` WRITE;
/*!40000 ALTER TABLE `cx_grate` DISABLE KEYS */;
INSERT INTO `cx_grate` VALUES (4,'七年级',7,1),(3,'六年级',6,1),(5,'八年级',8,1),(6,'九年级',9,1);
/*!40000 ALTER TABLE `cx_grate` ENABLE KEYS */;
UNLOCK TABLES;

--
-- Table structure for table `cx_logistics`
--

DROP TABLE IF EXISTS `cx_logistics`;
/*!40101 SET @saved_cs_client     = @@character_set_client */;
/*!40101 SET character_set_client = utf8 */;
CREATE TABLE `cx_logistics` (
  `id` int(11) NOT NULL AUTO_INCREMENT,
  `order_id` int(11) DEFAULT '0',
  `logistics_no` varchar(50) NOT NULL DEFAULT '' COMMENT '订单号',
  `logistics_company` varchar(100) NOT NULL DEFAULT '' COMMENT '物流公司',
  `address` text COMMENT '地址信息',
  `designer_id` int(11) NOT NULL DEFAULT '0' COMMENT '设计师id',
  `craftsman_id` int(11) NOT NULL DEFAULT '0' COMMENT '工艺师id',
  `create_time` int(11) DEFAULT NULL COMMENT '时间',
  `company_no` varchar(50) DEFAULT NULL,
  `is_receipt` tinyint(1) DEFAULT '0' COMMENT '是否收到货',
  PRIMARY KEY (`id`)
) ENGINE=InnoDB AUTO_INCREMENT=81 DEFAULT CHARSET=utf8 ROW_FORMAT=DYNAMIC;
/*!40101 SET character_set_client = @saved_cs_client */;

--
-- Dumping data for table `cx_logistics`
--

LOCK TABLES `cx_logistics` WRITE;
/*!40000 ALTER TABLE `cx_logistics` DISABLE KEYS */;
INSERT INTO `cx_logistics` VALUES (1,68,'22233655','顺丰','a:8:{s:2:\"id\";s:3:\"171\";s:3:\"lng\";s:9:\"118.14610\";s:3:\"lat\";s:8:\"24.48839\";s:7:\"address\";s:14:\"龙山中路16\";s:4:\"area\";s:27:\"福建省厦门市思明区\";s:10:\"is_default\";s:1:\"1\";s:6:\"mobile\";s:11:\"18600678647\";s:12:\"receipt_name\";s:9:\"罗丢丢\";}',53,154,1465220839,'sf',0),(2,70,'18925503564','申通','a:8:{s:2:\"id\";s:3:\"180\";s:3:\"lng\";s:10:\"118.146066\";s:3:\"lat\";s:9:\"24.488168\";s:7:\"address\";s:14:\"龙山中路10\";s:4:\"area\";s:27:\"福建省厦门市思明区\";s:10:\"is_default\";s:1:\"1\";s:6:\"mobile\";s:11:\"15837115209\";s:12:\"receipt_name\";s:9:\"徐师傅\";}',54,154,1465222432,'sto',1),(3,69,'18925503564','申通','a:8:{s:2:\"id\";s:3:\"180\";s:3:\"lng\";s:10:\"118.146066\";s:3:\"lat\";s:9:\"24.488168\";s:7:\"address\";s:14:\"龙山中路10\";s:4:\"area\";s:27:\"福建省厦门市思明区\";s:10:\"is_default\";s:1:\"1\";s:6:\"mobile\";s:11:\"15837115209\";s:12:\"receipt_name\";s:9:\"徐师傅\";}',54,154,1465223226,'sto',1),(4,78,'403447781108','中通','a:8:{s:2:\"id\";s:3:\"180\";s:3:\"lng\";s:10:\"118.146066\";s:3:\"lat\";s:9:\"24.488168\";s:7:\"address\";s:14:\"龙山中路10\";s:4:\"area\";s:27:\"福建省厦门市思明区\";s:10:\"is_default\";s:1:\"1\";s:6:\"mobile\";s:11:\"15837115209\";s:12:\"receipt_name\";s:9:\"徐师傅\";}',54,154,1465286285,'zto',1),(5,79,'403447781108','中通','a:8:{s:2:\"id\";s:3:\"180\";s:3:\"lng\";s:10:\"118.146066\";s:3:\"lat\";s:9:\"24.488168\";s:7:\"address\";s:14:\"龙山中路10\";s:4:\"area\";s:27:\"福建省厦门市思明区\";s:10:\"is_default\";s:1:\"1\";s:6:\"mobile\";s:11:\"15837115209\";s:12:\"receipt_name\";s:9:\"徐师傅\";}',54,154,1465286515,'zto',1),(6,80,'403447781108','中通','a:8:{s:2:\"id\";s:3:\"171\";s:3:\"lng\";s:9:\"118.14610\";s:3:\"lat\";s:8:\"24.48839\";s:7:\"address\";s:14:\"龙山中路16\";s:4:\"area\";s:27:\"福建省厦门市思明区\";s:10:\"is_default\";s:1:\"1\";s:6:\"mobile\";s:11:\"18600678647\";s:12:\"receipt_name\";s:9:\"罗丢丢\";}',53,48,1465286597,'zto',1),(7,83,'12345678901','申通','a:8:{s:2:\"id\";s:3:\"180\";s:3:\"lng\";s:10:\"118.146066\";s:3:\"lat\";s:9:\"24.488168\";s:7:\"address\";s:14:\"龙山中路10\";s:4:\"area\";s:27:\"福建省厦门市思明区\";s:10:\"is_default\";s:1:\"1\";s:6:\"mobile\";s:11:\"15837115209\";s:12:\"receipt_name\";s:9:\"徐师傅\";}',54,154,1465291034,'sto',1),(8,84,'12345678987','申通','a:8:{s:2:\"id\";s:3:\"180\";s:3:\"lng\";s:10:\"118.146066\";s:3:\"lat\";s:9:\"24.488168\";s:7:\"address\";s:14:\"龙山中路10\";s:4:\"area\";s:27:\"福建省厦门市思明区\";s:10:\"is_default\";s:1:\"1\";s:6:\"mobile\";s:11:\"15837115209\";s:12:\"receipt_name\";s:9:\"徐师傅\";}',54,154,1465291419,'sto',1),(9,85,'12345678909','韵达','a:8:{s:2:\"id\";s:3:\"180\";s:3:\"lng\";s:10:\"118.146066\";s:3:\"lat\";s:9:\"24.488168\";s:7:\"address\";s:14:\"龙山中路10\";s:4:\"area\";s:27:\"福建省厦门市思明区\";s:10:\"is_default\";s:1:\"1\";s:6:\"mobile\";s:11:\"15837115209\";s:12:\"receipt_name\";s:9:\"徐师傅\";}',54,154,1465292267,'yd',1),(10,85,'123456789074','韵达','a:8:{s:2:\"id\";s:2:\"47\";s:3:\"lng\";s:10:\"118.145087\";s:3:\"lat\";s:9:\"24.488645\";s:7:\"address\";s:18:\"龙山南路101号\";s:4:\"area\";s:27:\"福建省厦门市思明区\";s:10:\"is_default\";s:1:\"0\";s:6:\"mobile\";s:11:\"15837115209\";s:12:\"receipt_name\";s:6:\"哈哈\";}',0,154,1465293908,'yd',1),(11,84,'113245989','申通','a:8:{s:2:\"id\";s:2:\"47\";s:3:\"lng\";s:10:\"118.145087\";s:3:\"lat\";s:9:\"24.488645\";s:7:\"address\";s:18:\"龙山南路101号\";s:4:\"area\";s:27:\"福建省厦门市思明区\";s:10:\"is_default\";s:1:\"0\";s:6:\"mobile\";s:11:\"15837115209\";s:12:\"receipt_name\";s:6:\"哈哈\";}',0,154,1465294855,'sto',1),(12,83,'158886517778965','顺丰','a:8:{s:2:\"id\";s:2:\"47\";s:3:\"lng\";s:10:\"118.145087\";s:3:\"lat\";s:9:\"24.488645\";s:7:\"address\";s:18:\"龙山南路101号\";s:4:\"area\";s:27:\"福建省厦门市思明区\";s:10:\"is_default\";s:1:\"0\";s:6:\"mobile\";s:11:\"15837115209\";s:12:\"receipt_name\";s:6:\"哈哈\";}',0,154,1465295028,'sf',1),(13,79,'156886858685','圆通','a:8:{s:2:\"id\";s:2:\"47\";s:3:\"lng\";s:10:\"118.145087\";s:3:\"lat\";s:9:\"24.488645\";s:7:\"address\";s:18:\"龙山南路101号\";s:4:\"area\";s:27:\"福建省厦门市思明区\";s:10:\"is_default\";s:1:\"0\";s:6:\"mobile\";s:11:\"15837115209\";s:12:\"receipt_name\";s:6:\"哈哈\";}',0,154,1465295398,'yt',1),(14,78,'1588688587558','圆通','a:8:{s:2:\"id\";s:2:\"47\";s:3:\"lng\";s:10:\"118.145087\";s:3:\"lat\";s:9:\"24.488645\";s:7:\"address\";s:18:\"龙山南路101号\";s:4:\"area\";s:27:\"福建省厦门市思明区\";s:10:\"is_default\";s:1:\"0\";s:6:\"mobile\";s:11:\"15837115209\";s:12:\"receipt_name\";s:6:\"哈哈\";}',54,154,1465295965,'yt',1),(15,70,'1587854855885','顺丰','a:8:{s:2:\"id\";s:2:\"47\";s:3:\"lng\";s:10:\"118.145087\";s:3:\"lat\";s:9:\"24.488645\";s:7:\"address\";s:18:\"龙山南路101号\";s:4:\"area\";s:27:\"福建省厦门市思明区\";s:10:\"is_default\";s:1:\"0\";s:6:\"mobile\";s:11:\"15837115209\";s:12:\"receipt_name\";s:6:\"哈哈\";}',54,154,1465349984,'sf',0),(16,69,'464994946096','韵达','a:8:{s:2:\"id\";s:2:\"47\";s:3:\"lng\";s:10:\"118.145087\";s:3:\"lat\";s:9:\"24.488645\";s:7:\"address\";s:18:\"龙山南路101号\";s:4:\"area\";s:27:\"福建省厦门市思明区\";s:10:\"is_default\";s:1:\"0\";s:6:\"mobile\";s:11:\"15837115209\";s:12:\"receipt_name\";s:6:\"哈哈\";}',54,154,1465352008,'yd',1),(17,86,'1345972698569','申通','a:8:{s:2:\"id\";s:3:\"180\";s:3:\"lng\";s:10:\"118.146066\";s:3:\"lat\";s:9:\"24.488168\";s:7:\"address\";s:14:\"龙山中路10\";s:4:\"area\";s:27:\"福建省厦门市思明区\";s:10:\"is_default\";s:1:\"1\";s:6:\"mobile\";s:11:\"15837115209\";s:12:\"receipt_name\";s:9:\"徐师傅\";}',54,154,1465366903,'sto',1),(18,87,'403447781108','中通','a:8:{s:2:\"id\";s:3:\"171\";s:3:\"lng\";s:9:\"118.14610\";s:3:\"lat\";s:8:\"24.48839\";s:7:\"address\";s:14:\"龙山中路16\";s:4:\"area\";s:27:\"福建省厦门市思明区\";s:10:\"is_default\";s:1:\"1\";s:6:\"mobile\";s:11:\"18600678647\";s:12:\"receipt_name\";s:9:\"罗丢丢\";}',53,48,1465367267,'zto',1),(19,80,'403447781108','中通','a:8:{s:2:\"id\";s:2:\"44\";s:3:\"lng\";s:9:\"118.14612\";s:3:\"lat\";s:8:\"24.48843\";s:7:\"address\";s:14:\"龙山中路16\";s:4:\"area\";s:27:\"福建省厦门市思明区\";s:10:\"is_default\";s:1:\"1\";s:6:\"mobile\";s:11:\"18600678647\";s:12:\"receipt_name\";s:12:\"哩哩啦啦\";}',53,48,1465368886,'zto',0),(20,86,'1575845552555','顺丰','a:8:{s:2:\"id\";s:2:\"47\";s:3:\"lng\";s:10:\"118.145087\";s:3:\"lat\";s:9:\"24.488645\";s:7:\"address\";s:18:\"龙山南路101号\";s:4:\"area\";s:27:\"福建省厦门市思明区\";s:10:\"is_default\";s:1:\"0\";s:6:\"mobile\";s:11:\"15837115209\";s:12:\"receipt_name\";s:6:\"哈哈\";}',54,154,1465369313,'sf',0),(21,87,'455845617','顺丰','a:8:{s:2:\"id\";s:2:\"44\";s:3:\"lng\";s:9:\"118.14612\";s:3:\"lat\";s:8:\"24.48843\";s:7:\"address\";s:14:\"龙山中路16\";s:4:\"area\";s:27:\"福建省厦门市思明区\";s:10:\"is_default\";s:1:\"1\";s:6:\"mobile\";s:11:\"18600678647\";s:12:\"receipt_name\";s:12:\"哩哩啦啦\";}',53,48,1465371228,'sf',0),(22,93,'456789123','顺丰','a:8:{s:2:\"id\";s:3:\"171\";s:3:\"lng\";s:9:\"118.14610\";s:3:\"lat\";s:8:\"24.48839\";s:7:\"address\";s:14:\"龙山中路16\";s:4:\"area\";s:27:\"福建省厦门市思明区\";s:10:\"is_default\";s:1:\"1\";s:6:\"mobile\";s:11:\"18600678647\";s:12:\"receipt_name\";s:9:\"罗丢丢\";}',13,48,1465373216,'sf',1),(23,93,'456759123','顺丰','a:8:{s:2:\"id\";s:2:\"46\";s:3:\"lng\";s:9:\"118.14615\";s:3:\"lat\";s:8:\"24.48830\";s:7:\"address\";s:14:\"龙山中路16\";s:4:\"area\";s:27:\"福建省厦门市思明区\";s:10:\"is_default\";s:1:\"0\";s:6:\"mobile\";s:11:\"18750937276\";s:12:\"receipt_name\";s:3:\"wou\";}',13,48,1465373240,'sf',0),(24,94,'123789456','顺丰','a:8:{s:2:\"id\";s:3:\"171\";s:3:\"lng\";s:9:\"118.14610\";s:3:\"lat\";s:8:\"24.48839\";s:7:\"address\";s:14:\"龙山中路16\";s:4:\"area\";s:27:\"福建省厦门市思明区\";s:10:\"is_default\";s:1:\"1\";s:6:\"mobile\";s:11:\"18600678647\";s:12:\"receipt_name\";s:9:\"罗丢丢\";}',13,48,1465376573,'sf',1),(25,94,'123789456','顺丰','a:8:{s:2:\"id\";s:2:\"46\";s:3:\"lng\";s:9:\"118.14615\";s:3:\"lat\";s:8:\"24.48830\";s:7:\"address\";s:14:\"龙山中路16\";s:4:\"area\";s:27:\"福建省厦门市思明区\";s:10:\"is_default\";s:1:\"0\";s:6:\"mobile\";s:11:\"18750937276\";s:12:\"receipt_name\";s:3:\"wou\";}',13,48,1465376634,'sf',1),(26,95,'456123789','顺丰','a:8:{s:2:\"id\";s:3:\"171\";s:3:\"lng\";s:9:\"118.14610\";s:3:\"lat\";s:8:\"24.48839\";s:7:\"address\";s:14:\"龙山中路16\";s:4:\"area\";s:27:\"福建省厦门市思明区\";s:10:\"is_default\";s:1:\"1\";s:6:\"mobile\";s:11:\"18600678647\";s:12:\"receipt_name\";s:9:\"罗丢丢\";}',13,48,1465377538,'sf',1),(27,95,'456789123','顺丰','a:8:{s:2:\"id\";s:2:\"46\";s:3:\"lng\";s:9:\"118.14615\";s:3:\"lat\";s:8:\"24.48830\";s:7:\"address\";s:14:\"龙山中路16\";s:4:\"area\";s:27:\"福建省厦门市思明区\";s:10:\"is_default\";s:1:\"0\";s:6:\"mobile\";s:11:\"18750937276\";s:12:\"receipt_name\";s:3:\"wou\";}',13,48,1465377573,'sf',0),(28,96,'789456123','顺丰','a:8:{s:2:\"id\";s:3:\"171\";s:3:\"lng\";s:9:\"118.14610\";s:3:\"lat\";s:8:\"24.48839\";s:7:\"address\";s:14:\"龙山中路16\";s:4:\"area\";s:27:\"福建省厦门市思明区\";s:10:\"is_default\";s:1:\"1\";s:6:\"mobile\";s:11:\"18600678647\";s:12:\"receipt_name\";s:9:\"罗丢丢\";}',13,48,1465377808,'sf',1),(29,96,'123456789','顺丰','a:8:{s:2:\"id\";s:2:\"46\";s:3:\"lng\";s:9:\"118.14615\";s:3:\"lat\";s:8:\"24.48830\";s:7:\"address\";s:14:\"龙山中路16\";s:4:\"area\";s:27:\"福建省厦门市思明区\";s:10:\"is_default\";s:1:\"0\";s:6:\"mobile\";s:11:\"18750937276\";s:12:\"receipt_name\";s:3:\"wou\";}',13,48,1465377830,'sf',0),(30,140,'542698859966','圆通','a:8:{s:2:\"id\";s:3:\"180\";s:3:\"lng\";s:10:\"118.146066\";s:3:\"lat\";s:9:\"24.488168\";s:7:\"address\";s:14:\"龙山中路10\";s:4:\"area\";s:27:\"福建省厦门市思明区\";s:10:\"is_default\";s:1:\"1\";s:6:\"mobile\";s:11:\"15837115209\";s:12:\"receipt_name\";s:9:\"徐师傅\";}',54,154,1466563978,'yt',1),(31,140,'484888555','申通','a:8:{s:2:\"id\";s:2:\"47\";s:3:\"lng\";s:10:\"118.145087\";s:3:\"lat\";s:9:\"24.488645\";s:7:\"address\";s:18:\"龙山南路101号\";s:4:\"area\";s:27:\"福建省厦门市思明区\";s:10:\"is_default\";s:1:\"0\";s:6:\"mobile\";s:11:\"15837115209\";s:12:\"receipt_name\";s:6:\"哈哈\";}',54,154,1466563998,'sto',0),(32,141,'45853669855','申通','a:8:{s:2:\"id\";s:3:\"180\";s:3:\"lng\";s:10:\"118.146066\";s:3:\"lat\";s:9:\"24.488168\";s:7:\"address\";s:14:\"龙山中路10\";s:4:\"area\";s:27:\"福建省厦门市思明区\";s:10:\"is_default\";s:1:\"1\";s:6:\"mobile\";s:11:\"15837115209\";s:12:\"receipt_name\";s:9:\"徐师傅\";}',54,154,1466564782,'sto',1),(33,141,'5698666656','申通','a:8:{s:2:\"id\";s:2:\"47\";s:3:\"lng\";s:10:\"118.145087\";s:3:\"lat\";s:9:\"24.488645\";s:7:\"address\";s:18:\"龙山南路101号\";s:4:\"area\";s:27:\"福建省厦门市思明区\";s:10:\"is_default\";s:1:\"0\";s:6:\"mobile\";s:11:\"15837115209\";s:12:\"receipt_name\";s:6:\"哈哈\";}',54,154,1466564808,'sto',0),(34,142,'45885666988','申通','a:8:{s:2:\"id\";s:3:\"180\";s:3:\"lng\";s:10:\"118.146066\";s:3:\"lat\";s:9:\"24.488168\";s:7:\"address\";s:14:\"龙山中路10\";s:4:\"area\";s:27:\"福建省厦门市思明区\";s:10:\"is_default\";s:1:\"1\";s:6:\"mobile\";s:11:\"15837115209\";s:12:\"receipt_name\";s:9:\"徐师傅\";}',54,154,1466565161,'sto',1),(35,142,'5568866998556','申通','a:8:{s:2:\"id\";s:2:\"47\";s:3:\"lng\";s:10:\"118.145087\";s:3:\"lat\";s:9:\"24.488645\";s:7:\"address\";s:18:\"龙山南路101号\";s:4:\"area\";s:27:\"福建省厦门市思明区\";s:10:\"is_default\";s:1:\"0\";s:6:\"mobile\";s:11:\"15837115209\";s:12:\"receipt_name\";s:6:\"哈哈\";}',54,154,1466565185,'sto',0),(36,143,'12345678910','顺丰','a:8:{s:2:\"id\";s:3:\"180\";s:3:\"lng\";s:10:\"118.146066\";s:3:\"lat\";s:9:\"24.488168\";s:7:\"address\";s:14:\"龙山中路10\";s:4:\"area\";s:27:\"福建省厦门市思明区\";s:10:\"is_default\";s:1:\"1\";s:6:\"mobile\";s:11:\"15837115209\";s:12:\"receipt_name\";s:9:\"徐师傅\";}',54,154,1466565479,'sf',1),(37,143,'98765432101','韵达','a:8:{s:2:\"id\";s:2:\"47\";s:3:\"lng\";s:10:\"118.145087\";s:3:\"lat\";s:9:\"24.488645\";s:7:\"address\";s:18:\"龙山南路101号\";s:4:\"area\";s:27:\"福建省厦门市思明区\";s:10:\"is_default\";s:1:\"0\";s:6:\"mobile\";s:11:\"15837115209\";s:12:\"receipt_name\";s:6:\"哈哈\";}',54,154,1466565547,'yd',0),(38,144,'123789789789','顺丰','a:8:{s:2:\"id\";s:3:\"180\";s:3:\"lng\";s:10:\"118.146066\";s:3:\"lat\";s:9:\"24.488168\";s:7:\"address\";s:14:\"龙山中路10\";s:4:\"area\";s:27:\"福建省厦门市思明区\";s:10:\"is_default\";s:1:\"1\";s:6:\"mobile\";s:11:\"15837115209\";s:12:\"receipt_name\";s:9:\"徐师傅\";}',54,154,1466565853,'sf',1),(39,144,'9999999999999','申通','a:8:{s:2:\"id\";s:2:\"47\";s:3:\"lng\";s:10:\"118.145087\";s:3:\"lat\";s:9:\"24.488645\";s:7:\"address\";s:18:\"龙山南路101号\";s:4:\"area\";s:27:\"福建省厦门市思明区\";s:10:\"is_default\";s:1:\"0\";s:6:\"mobile\";s:11:\"15837115209\";s:12:\"receipt_name\";s:6:\"哈哈\";}',54,154,1466565873,'sto',0),(40,147,'401338886521','中通','a:8:{s:2:\"id\";s:3:\"180\";s:3:\"lng\";s:10:\"118.146066\";s:3:\"lat\";s:9:\"24.488168\";s:7:\"address\";s:14:\"龙山中路10\";s:4:\"area\";s:27:\"福建省厦门市思明区\";s:10:\"is_default\";s:1:\"1\";s:6:\"mobile\";s:11:\"15837115209\";s:12:\"receipt_name\";s:9:\"徐师傅\";}',13,154,1466670345,'zto',1),(41,151,'807109595850','圆通','a:8:{s:2:\"id\";s:3:\"180\";s:3:\"lng\";s:10:\"118.146066\";s:3:\"lat\";s:9:\"24.488168\";s:7:\"address\";s:14:\"龙山中路10\";s:4:\"area\";s:27:\"福建省厦门市思明区\";s:10:\"is_default\";s:1:\"1\";s:6:\"mobile\";s:11:\"15837115209\";s:12:\"receipt_name\";s:9:\"徐师傅\";}',157,154,1466671743,'yt',1),(42,148,'4226666855255','圆通','a:8:{s:2:\"id\";s:3:\"180\";s:3:\"lng\";s:10:\"118.146066\";s:3:\"lat\";s:9:\"24.488168\";s:7:\"address\";s:14:\"龙山中路10\";s:4:\"area\";s:27:\"福建省厦门市思明区\";s:10:\"is_default\";s:1:\"1\";s:6:\"mobile\";s:11:\"15837115209\";s:12:\"receipt_name\";s:9:\"徐师傅\";}',54,154,1466671991,'yt',1),(43,151,'154546469464','申通','a:8:{s:2:\"id\";s:3:\"184\";s:3:\"lng\";s:9:\"118.14625\";s:3:\"lat\";s:8:\"24.48816\";s:7:\"address\";s:14:\"龙山中路10\";s:4:\"area\";s:27:\"福建省厦门市思明区\";s:10:\"is_default\";s:1:\"1\";s:6:\"mobile\";s:11:\"18750937276\";s:12:\"receipt_name\";s:6:\"小吴\";}',157,154,1466673972,'sto',0),(44,147,'554649766767','顺丰','a:8:{s:2:\"id\";s:2:\"46\";s:3:\"lng\";s:9:\"118.14615\";s:3:\"lat\";s:8:\"24.48830\";s:7:\"address\";s:14:\"龙山中路16\";s:4:\"area\";s:27:\"福建省厦门市思明区\";s:10:\"is_default\";s:1:\"0\";s:6:\"mobile\";s:11:\"18750937276\";s:12:\"receipt_name\";s:3:\"wou\";}',13,154,1466673992,'sf',0),(45,152,'123456789','圆通','a:8:{s:2:\"id\";s:3:\"180\";s:3:\"lng\";s:10:\"118.146066\";s:3:\"lat\";s:9:\"24.488168\";s:7:\"address\";s:14:\"龙山中路10\";s:4:\"area\";s:27:\"福建省厦门市思明区\";s:10:\"is_default\";s:1:\"1\";s:6:\"mobile\";s:11:\"15837115209\";s:12:\"receipt_name\";s:9:\"徐师傅\";}',157,154,1466674221,'yt',1),(46,153,'123456789','顺丰','a:8:{s:2:\"id\";s:3:\"171\";s:3:\"lng\";s:9:\"118.14610\";s:3:\"lat\";s:8:\"24.48839\";s:7:\"address\";s:14:\"龙山中路16\";s:4:\"area\";s:27:\"福建省厦门市思明区\";s:10:\"is_default\";s:1:\"1\";s:6:\"mobile\";s:11:\"18600678647\";s:12:\"receipt_name\";s:9:\"罗丢丢\";}',157,48,1466675030,'sf',1),(47,153,'123789456','顺丰','a:8:{s:2:\"id\";s:3:\"184\";s:3:\"lng\";s:9:\"118.14625\";s:3:\"lat\";s:8:\"24.48816\";s:7:\"address\";s:14:\"龙山中路10\";s:4:\"area\";s:27:\"福建省厦门市思明区\";s:10:\"is_default\";s:1:\"1\";s:6:\"mobile\";s:11:\"18750937276\";s:12:\"receipt_name\";s:6:\"小吴\";}',157,48,1466675048,'sf',0),(48,157,'123456789','顺丰','a:8:{s:2:\"id\";s:3:\"171\";s:3:\"lng\";s:9:\"118.14610\";s:3:\"lat\";s:8:\"24.48839\";s:7:\"address\";s:14:\"龙山中路16\";s:4:\"area\";s:27:\"福建省厦门市思明区\";s:10:\"is_default\";s:1:\"1\";s:6:\"mobile\";s:11:\"18600678647\";s:12:\"receipt_name\";s:9:\"罗丢丢\";}',157,48,1466737900,'sf',1),(49,157,'987654321','顺丰','a:8:{s:2:\"id\";s:3:\"184\";s:3:\"lng\";s:9:\"118.14625\";s:3:\"lat\";s:8:\"24.48816\";s:7:\"address\";s:14:\"龙山中路10\";s:4:\"area\";s:27:\"福建省厦门市思明区\";s:10:\"is_default\";s:1:\"1\";s:6:\"mobile\";s:11:\"18750937276\";s:12:\"receipt_name\";s:6:\"小吴\";}',157,48,1466737916,'sf',0),(50,194,'1000702099263','韵达','a:8:{s:2:\"id\";s:3:\"180\";s:3:\"lng\";s:10:\"118.146066\";s:3:\"lat\";s:9:\"24.488168\";s:7:\"address\";s:14:\"龙山中路10\";s:4:\"area\";s:27:\"福建省厦门市思明区\";s:10:\"is_default\";s:1:\"1\";s:6:\"mobile\";s:11:\"15837115209\";s:12:\"receipt_name\";s:9:\"徐师傅\";}',54,154,1467601960,'yd',1),(51,194,'1000702099263','韵达','a:8:{s:2:\"id\";s:3:\"185\";s:3:\"lng\";s:10:\"118.145996\";s:3:\"lat\";s:9:\"24.488133\";s:7:\"address\";s:14:\"龙山中路10\";s:4:\"area\";s:27:\"福建省厦门市思明区\";s:10:\"is_default\";s:1:\"1\";s:6:\"mobile\";s:11:\"15037150825\";s:12:\"receipt_name\";s:9:\"高朝阳\";}',54,154,1467602087,'yd',0),(52,196,'1000702099263','韵达','a:8:{s:2:\"id\";s:3:\"180\";s:3:\"lng\";s:10:\"118.146066\";s:3:\"lat\";s:9:\"24.488168\";s:7:\"address\";s:14:\"龙山中路10\";s:4:\"area\";s:27:\"福建省厦门市思明区\";s:10:\"is_default\";s:1:\"1\";s:6:\"mobile\";s:11:\"15837115209\";s:12:\"receipt_name\";s:9:\"徐师傅\";}',54,154,1467602517,'yd',1),(53,152,'1000702099263','韵达','a:8:{s:2:\"id\";s:3:\"184\";s:3:\"lng\";s:9:\"118.14625\";s:3:\"lat\";s:8:\"24.48816\";s:7:\"address\";s:14:\"龙山中路10\";s:4:\"area\";s:27:\"福建省厦门市思明区\";s:10:\"is_default\";s:1:\"1\";s:6:\"mobile\";s:11:\"18750937276\";s:12:\"receipt_name\";s:6:\"小吴\";}',157,154,1467602760,'yd',0),(54,196,'1000702099263','韵达','a:8:{s:2:\"id\";s:3:\"185\";s:3:\"lng\";s:10:\"118.145996\";s:3:\"lat\";s:9:\"24.488133\";s:7:\"address\";s:14:\"龙山中路10\";s:4:\"area\";s:27:\"福建省厦门市思明区\";s:10:\"is_default\";s:1:\"1\";s:6:\"mobile\";s:11:\"15037150825\";s:12:\"receipt_name\";s:9:\"高朝阳\";}',54,154,1467602777,'yd',0),(55,201,'1000702099263','韵达','a:8:{s:2:\"id\";s:3:\"180\";s:3:\"lng\";s:10:\"118.146066\";s:3:\"lat\";s:9:\"24.488168\";s:7:\"address\";s:14:\"龙山中路10\";s:4:\"area\";s:27:\"福建省厦门市思明区\";s:10:\"is_default\";s:1:\"1\";s:6:\"mobile\";s:11:\"15837115209\";s:12:\"receipt_name\";s:9:\"徐师傅\";}',54,154,1467620784,'yd',1),(56,201,'1000702099263','韵达','a:8:{s:2:\"id\";s:3:\"185\";s:3:\"lng\";s:10:\"118.145996\";s:3:\"lat\";s:9:\"24.488133\";s:7:\"address\";s:14:\"龙山中路10\";s:4:\"area\";s:27:\"福建省厦门市思明区\";s:10:\"is_default\";s:1:\"1\";s:6:\"mobile\";s:11:\"15037150825\";s:12:\"receipt_name\";s:9:\"高朝阳\";}',54,154,1467620807,'yd',0),(57,200,'1000702099263','韵达','a:8:{s:2:\"id\";s:3:\"180\";s:3:\"lng\";s:10:\"118.146066\";s:3:\"lat\";s:9:\"24.488168\";s:7:\"address\";s:14:\"龙山中路10\";s:4:\"area\";s:27:\"福建省厦门市思明区\";s:10:\"is_default\";s:1:\"1\";s:6:\"mobile\";s:11:\"15837115209\";s:12:\"receipt_name\";s:9:\"徐师傅\";}',54,154,1467699798,'yd',1),(58,199,'1000702099263','韵达','a:8:{s:2:\"id\";s:3:\"180\";s:3:\"lng\";s:10:\"118.146066\";s:3:\"lat\";s:9:\"24.488168\";s:7:\"address\";s:14:\"龙山中路10\";s:4:\"area\";s:27:\"福建省厦门市思明区\";s:10:\"is_default\";s:1:\"1\";s:6:\"mobile\";s:11:\"15837115209\";s:12:\"receipt_name\";s:9:\"徐师傅\";}',54,154,1467699812,'yd',1),(59,198,'1000702099263','韵达','a:8:{s:2:\"id\";s:3:\"180\";s:3:\"lng\";s:10:\"118.146066\";s:3:\"lat\";s:9:\"24.488168\";s:7:\"address\";s:14:\"龙山中路10\";s:4:\"area\";s:27:\"福建省厦门市思明区\";s:10:\"is_default\";s:1:\"1\";s:6:\"mobile\";s:11:\"15837115209\";s:12:\"receipt_name\";s:9:\"徐师傅\";}',54,154,1467699825,'yd',1),(60,197,'1000702099263','韵达','a:8:{s:2:\"id\";s:3:\"180\";s:3:\"lng\";s:10:\"118.146066\";s:3:\"lat\";s:9:\"24.488168\";s:7:\"address\";s:14:\"龙山中路10\";s:4:\"area\";s:27:\"福建省厦门市思明区\";s:10:\"is_default\";s:1:\"1\";s:6:\"mobile\";s:11:\"15837115209\";s:12:\"receipt_name\";s:9:\"徐师傅\";}',54,154,1467699835,'yd',1),(61,200,'1000702099293','韵达','a:8:{s:2:\"id\";s:3:\"185\";s:3:\"lng\";s:10:\"118.145996\";s:3:\"lat\";s:9:\"24.488133\";s:7:\"address\";s:14:\"龙山中路10\";s:4:\"area\";s:27:\"福建省厦门市思明区\";s:10:\"is_default\";s:1:\"1\";s:6:\"mobile\";s:11:\"15037150825\";s:12:\"receipt_name\";s:9:\"高朝阳\";}',54,154,1467701350,'yd',0),(62,199,'1000702099263','韵达','a:8:{s:2:\"id\";s:3:\"185\";s:3:\"lng\";s:10:\"118.145996\";s:3:\"lat\";s:9:\"24.488133\";s:7:\"address\";s:14:\"龙山中路10\";s:4:\"area\";s:27:\"福建省厦门市思明区\";s:10:\"is_default\";s:1:\"1\";s:6:\"mobile\";s:11:\"15037150825\";s:12:\"receipt_name\";s:9:\"高朝阳\";}',54,154,1467701373,'yd',0),(63,198,'1000702099263','韵达','a:8:{s:2:\"id\";s:3:\"185\";s:3:\"lng\";s:10:\"118.145996\";s:3:\"lat\";s:9:\"24.488133\";s:7:\"address\";s:14:\"龙山中路10\";s:4:\"area\";s:27:\"福建省厦门市思明区\";s:10:\"is_default\";s:1:\"1\";s:6:\"mobile\";s:11:\"15037150825\";s:12:\"receipt_name\";s:9:\"高朝阳\";}',54,154,1467701390,'yd',0),(64,197,'1000702099293','韵达','a:8:{s:2:\"id\";s:3:\"185\";s:3:\"lng\";s:10:\"118.145996\";s:3:\"lat\";s:9:\"24.488133\";s:7:\"address\";s:14:\"龙山中路10\";s:4:\"area\";s:27:\"福建省厦门市思明区\";s:10:\"is_default\";s:1:\"1\";s:6:\"mobile\";s:11:\"15037150825\";s:12:\"receipt_name\";s:9:\"高朝阳\";}',54,154,1467701405,'yd',0),(65,205,'1000702099263','韵达','a:8:{s:2:\"id\";s:3:\"180\";s:3:\"lng\";s:10:\"118.146066\";s:3:\"lat\";s:9:\"24.488168\";s:7:\"address\";s:14:\"龙山中路10\";s:4:\"area\";s:27:\"福建省厦门市思明区\";s:10:\"is_default\";s:1:\"1\";s:6:\"mobile\";s:11:\"15837115209\";s:12:\"receipt_name\";s:9:\"徐师傅\";}',54,154,1467702657,'yd',1),(66,205,'1000702099263','韵达','a:8:{s:2:\"id\";s:3:\"185\";s:3:\"lng\";s:10:\"118.145996\";s:3:\"lat\";s:9:\"24.488133\";s:7:\"address\";s:14:\"龙山中路10\";s:4:\"area\";s:27:\"福建省厦门市思明区\";s:10:\"is_default\";s:1:\"1\";s:6:\"mobile\";s:11:\"15037150825\";s:12:\"receipt_name\";s:9:\"高朝阳\";}',54,154,1467702679,'yd',0),(67,206,'1000702099263','韵达','a:8:{s:2:\"id\";s:3:\"180\";s:3:\"lng\";s:10:\"118.146066\";s:3:\"lat\";s:9:\"24.488168\";s:7:\"address\";s:14:\"龙山中路10\";s:4:\"area\";s:27:\"福建省厦门市思明区\";s:10:\"is_default\";s:1:\"1\";s:6:\"mobile\";s:11:\"15837115209\";s:12:\"receipt_name\";s:9:\"徐师傅\";}',54,154,1467703095,'yd',1),(68,206,'1000702099263','韵达','a:8:{s:2:\"id\";s:3:\"185\";s:3:\"lng\";s:10:\"118.145996\";s:3:\"lat\";s:9:\"24.488133\";s:7:\"address\";s:14:\"龙山中路10\";s:4:\"area\";s:27:\"福建省厦门市思明区\";s:10:\"is_default\";s:1:\"1\";s:6:\"mobile\";s:11:\"15037150825\";s:12:\"receipt_name\";s:9:\"高朝阳\";}',54,154,1467703121,'yd',0),(69,207,'1000702099263','韵达','a:8:{s:2:\"id\";s:3:\"180\";s:3:\"lng\";s:10:\"118.146066\";s:3:\"lat\";s:9:\"24.488168\";s:7:\"address\";s:14:\"龙山中路10\";s:4:\"area\";s:27:\"福建省厦门市思明区\";s:10:\"is_default\";s:1:\"1\";s:6:\"mobile\";s:11:\"15837115209\";s:12:\"receipt_name\";s:9:\"徐师傅\";}',54,154,1467703242,'yd',1),(70,207,'1000702099263','韵达','a:8:{s:2:\"id\";s:3:\"185\";s:3:\"lng\";s:10:\"118.145996\";s:3:\"lat\";s:9:\"24.488133\";s:7:\"address\";s:14:\"龙山中路10\";s:4:\"area\";s:27:\"福建省厦门市思明区\";s:10:\"is_default\";s:1:\"1\";s:6:\"mobile\";s:11:\"15037150825\";s:12:\"receipt_name\";s:9:\"高朝阳\";}',54,154,1467703263,'yd',0),(71,208,'1000702099263','韵达','a:8:{s:2:\"id\";s:3:\"180\";s:3:\"lng\";s:10:\"118.146066\";s:3:\"lat\";s:9:\"24.488168\";s:7:\"address\";s:14:\"龙山中路10\";s:4:\"area\";s:27:\"福建省厦门市思明区\";s:10:\"is_default\";s:1:\"1\";s:6:\"mobile\";s:11:\"15837115209\";s:12:\"receipt_name\";s:9:\"徐师傅\";}',54,154,1467703398,'yd',1),(72,208,'1000702099263','韵达','a:8:{s:2:\"id\";s:3:\"185\";s:3:\"lng\";s:10:\"118.145996\";s:3:\"lat\";s:9:\"24.488133\";s:7:\"address\";s:14:\"龙山中路10\";s:4:\"area\";s:27:\"福建省厦门市思明区\";s:10:\"is_default\";s:1:\"1\";s:6:\"mobile\";s:11:\"15037150825\";s:12:\"receipt_name\";s:9:\"高朝阳\";}',54,154,1467703416,'yd',0),(73,209,'1000702099263','韵达','a:8:{s:2:\"id\";s:3:\"180\";s:3:\"lng\";s:10:\"118.146066\";s:3:\"lat\";s:9:\"24.488168\";s:7:\"address\";s:14:\"龙山中路10\";s:4:\"area\";s:27:\"福建省厦门市思明区\";s:10:\"is_default\";s:1:\"1\";s:6:\"mobile\";s:11:\"15837115209\";s:12:\"receipt_name\";s:9:\"徐师傅\";}',54,154,1467703636,'yd',1),(74,209,'1000702099263','韵达','a:8:{s:2:\"id\";s:3:\"185\";s:3:\"lng\";s:10:\"118.145996\";s:3:\"lat\";s:9:\"24.488133\";s:7:\"address\";s:14:\"龙山中路10\";s:4:\"area\";s:27:\"福建省厦门市思明区\";s:10:\"is_default\";s:1:\"1\";s:6:\"mobile\";s:11:\"15037150825\";s:12:\"receipt_name\";s:9:\"高朝阳\";}',54,154,1467703653,'yd',0),(75,210,'1000702099263','韵达','a:8:{s:2:\"id\";s:3:\"180\";s:3:\"lng\";s:10:\"118.146066\";s:3:\"lat\";s:9:\"24.488168\";s:7:\"address\";s:14:\"龙山中路10\";s:4:\"area\";s:27:\"福建省厦门市思明区\";s:10:\"is_default\";s:1:\"1\";s:6:\"mobile\";s:11:\"15837115209\";s:12:\"receipt_name\";s:9:\"徐师傅\";}',54,154,1467703730,'yd',1),(76,210,'1000702099263','韵达','a:8:{s:2:\"id\";s:3:\"185\";s:3:\"lng\";s:10:\"118.145996\";s:3:\"lat\";s:9:\"24.488133\";s:7:\"address\";s:14:\"龙山中路10\";s:4:\"area\";s:27:\"福建省厦门市思明区\";s:10:\"is_default\";s:1:\"1\";s:6:\"mobile\";s:11:\"15037150825\";s:12:\"receipt_name\";s:9:\"高朝阳\";}',54,154,1467703748,'yd',0),(77,211,'1000702099263','韵达','a:8:{s:2:\"id\";s:3:\"180\";s:3:\"lng\";s:10:\"118.146066\";s:3:\"lat\";s:9:\"24.488168\";s:7:\"address\";s:14:\"龙山中路10\";s:4:\"area\";s:27:\"福建省厦门市思明区\";s:10:\"is_default\";s:1:\"1\";s:6:\"mobile\";s:11:\"15837115209\";s:12:\"receipt_name\";s:9:\"徐师傅\";}',54,154,1467703818,'yd',1),(78,211,'1000702099263','韵达','a:8:{s:2:\"id\";s:3:\"185\";s:3:\"lng\";s:10:\"118.145996\";s:3:\"lat\";s:9:\"24.488133\";s:7:\"address\";s:14:\"龙山中路10\";s:4:\"area\";s:27:\"福建省厦门市思明区\";s:10:\"is_default\";s:1:\"1\";s:6:\"mobile\";s:11:\"15037150825\";s:12:\"receipt_name\";s:9:\"高朝阳\";}',54,154,1467703836,'yd',0),(79,212,'1000702099263','韵达','a:8:{s:2:\"id\";s:3:\"180\";s:3:\"lng\";s:10:\"118.146066\";s:3:\"lat\";s:9:\"24.488168\";s:7:\"address\";s:14:\"龙山中路10\";s:4:\"area\";s:27:\"福建省厦门市思明区\";s:10:\"is_default\";s:1:\"1\";s:6:\"mobile\";s:11:\"15837115209\";s:12:\"receipt_name\";s:9:\"徐师傅\";}',54,154,1467703897,'yd',1),(80,212,'1000702099263','韵达','a:8:{s:2:\"id\";s:3:\"185\";s:3:\"lng\";s:10:\"118.145996\";s:3:\"lat\";s:9:\"24.488133\";s:7:\"address\";s:14:\"龙山中路10\";s:4:\"area\";s:27:\"福建省厦门市思明区\";s:10:\"is_default\";s:1:\"1\";s:6:\"mobile\";s:11:\"15037150825\";s:12:\"receipt_name\";s:9:\"高朝阳\";}',54,154,1467703917,'yd',0);
/*!40000 ALTER TABLE `cx_logistics` ENABLE KEYS */;
UNLOCK TABLES;

--
-- Table structure for table `cx_logistics_data`
--

DROP TABLE IF EXISTS `cx_logistics_data`;
/*!40101 SET @saved_cs_client     = @@character_set_client */;
/*!40101 SET character_set_client = utf8 */;
CREATE TABLE `cx_logistics_data` (
  `id` int(11) NOT NULL AUTO_INCREMENT,
  `company_no` varchar(10) NOT NULL DEFAULT '' COMMENT '物流公司简称',
  `logistical_no` varchar(50) NOT NULL DEFAULT '' COMMENT '物流订单号',
  `logistical_data` text COMMENT '物流数据',
  PRIMARY KEY (`id`)
) ENGINE=InnoDB DEFAULT CHARSET=utf8 ROW_FORMAT=DYNAMIC COMMENT='物流结束后存储的物流数据';
/*!40101 SET character_set_client = @saved_cs_client */;

--
-- Dumping data for table `cx_logistics_data`
--

LOCK TABLES `cx_logistics_data` WRITE;
/*!40000 ALTER TABLE `cx_logistics_data` DISABLE KEYS */;
/*!40000 ALTER TABLE `cx_logistics_data` ENABLE KEYS */;
UNLOCK TABLES;

--
-- Table structure for table `cx_member`
--

DROP TABLE IF EXISTS `cx_member`;
/*!40101 SET @saved_cs_client     = @@character_set_client */;
/*!40101 SET character_set_client = utf8 */;
CREATE TABLE `cx_member` (
  `member_id` int(11) NOT NULL AUTO_INCREMENT,
  `phone` varchar(50) DEFAULT NULL COMMENT '手机号码',
  `pwd` varchar(100) DEFAULT NULL COMMENT '密码',
  `nick_name` varchar(100) DEFAULT NULL COMMENT '昵称',
  `head` varchar(250) DEFAULT NULL COMMENT '头像',
  `reg_time` int(11) DEFAULT NULL COMMENT '注册时间',
  `login_time` int(11) DEFAULT NULL COMMENT '登录时间',
  `login_ip` varchar(50) DEFAULT NULL COMMENT '登录ip',
  `status` tinyint(4) DEFAULT '1' COMMENT '状态1：开启0：禁止',
  `is_vip` tinyint(4) DEFAULT NULL COMMENT '是否是vip 1:是 0：否',
  `expire_time` int(11) DEFAULT NULL COMMENT '到期时间',
  PRIMARY KEY (`member_id`)
) ENGINE=MyISAM AUTO_INCREMENT=4 DEFAULT CHARSET=utf8 COMMENT='用户表';
/*!40101 SET character_set_client = @saved_cs_client */;

--
-- Dumping data for table `cx_member`
--

LOCK TABLES `cx_member` WRITE;
/*!40000 ALTER TABLE `cx_member` DISABLE KEYS */;
INSERT INTO `cx_member` VALUES (1,'15179811532','e10adc3949ba59abbe56e057f20f883e','大山怪',NULL,1573487903,1573649652,'27.38.247.57',1,NULL,NULL),(2,'13168770060','e10adc3949ba59abbe56e057f20f883e','啊怪',NULL,1573649880,1573649886,'27.38.247.57',1,NULL,NULL),(3,'17512020661','e10adc3949ba59abbe56e057f20f883e','大地怪','http://hmlwan521.com/Uploads/Home/5dcd7d13cf086.jpg',1573738475,1575119697,'27.38.247.23',1,NULL,NULL);
/*!40000 ALTER TABLE `cx_member` ENABLE KEYS */;
UNLOCK TABLES;

--
-- Table structure for table `cx_member_vip`
--

DROP TABLE IF EXISTS `cx_member_vip`;
/*!40101 SET @saved_cs_client     = @@character_set_client */;
/*!40101 SET character_set_client = utf8 */;
CREATE TABLE `cx_member_vip` (
  `vip_id` int(11) NOT NULL AUTO_INCREMENT,
  `mem_id` int(11) DEFAULT NULL,
  `vip_type` tinyint(4) DEFAULT NULL COMMENT 'vip类型 1：年费 2：月费',
  `expire_time` int(11) DEFAULT NULL COMMENT '到期时间',
  `create_time` int(11) DEFAULT NULL COMMENT '开通时间',
  PRIMARY KEY (`vip_id`)
) ENGINE=MyISAM DEFAULT CHARSET=utf8 COMMENT='用户vip记录';
/*!40101 SET character_set_client = @saved_cs_client */;

--
-- Dumping data for table `cx_member_vip`
--

LOCK TABLES `cx_member_vip` WRITE;
/*!40000 ALTER TABLE `cx_member_vip` DISABLE KEYS */;
/*!40000 ALTER TABLE `cx_member_vip` ENABLE KEYS */;
UNLOCK TABLES;

--
-- Table structure for table `cx_menu`
--

DROP TABLE IF EXISTS `cx_menu`;
/*!40101 SET @saved_cs_client     = @@character_set_client */;
/*!40101 SET character_set_client = utf8 */;
CREATE TABLE `cx_menu` (
  `menu_id` smallint(6) NOT NULL AUTO_INCREMENT,
  `menu_name` varchar(50) NOT NULL COMMENT '菜单名称',
  `pid` smallint(6) NOT NULL COMMENT '父级id',
  `type` tinyint(1) NOT NULL DEFAULT '1' COMMENT '类型 1:菜单 2:操作点',
  `module_name` varchar(20) NOT NULL COMMENT '模块名',
  `action_name` varchar(20) NOT NULL COMMENT '操作名',
  `class_name` varchar(20) DEFAULT NULL COMMENT '图标样式名',
  `data` varchar(120) NOT NULL COMMENT 'url参数',
  `remark` varchar(255) NOT NULL COMMENT '备注',
  `often` tinyint(1) NOT NULL DEFAULT '0',
  `sort` tinyint(3) unsigned NOT NULL DEFAULT '255' COMMENT '排序',
  `status` tinyint(1) NOT NULL DEFAULT '1' COMMENT '状态 0::禁用 1:启用',
  PRIMARY KEY (`menu_id`)
) ENGINE=InnoDB AUTO_INCREMENT=129 DEFAULT CHARSET=utf8 ROW_FORMAT=DYNAMIC COMMENT='后台菜单表';
/*!40101 SET character_set_client = @saved_cs_client */;

--
-- Dumping data for table `cx_menu`
--

LOCK TABLES `cx_menu` WRITE;
/*!40000 ALTER TABLE `cx_menu` DISABLE KEYS */;
INSERT INTO `cx_menu` VALUES (1,'系统',0,1,'','',NULL,'','',0,5,1),(2,'核心',1,1,'','','ico-system-0','','',0,1,1),(3,'个人信息',2,1,'System','site_setting','','','',0,255,1),(4,'后台菜单',2,1,'menu','index',NULL,'','',0,255,1),(5,'角色管理',2,1,'role','index',NULL,'','',0,255,1),(6,'管理员',2,1,'admin','index',NULL,'','',0,255,1),(27,'添加',4,0,'Menu','add','','','',0,255,1),(28,'删除',4,0,'Menu','del','','','',0,255,1),(29,'修改',4,0,'Menu','edit',NULL,'','',0,255,1),(43,'单词',0,1,'','','','','',0,3,1),(50,'视频',0,1,'','','','','商品管理',0,2,1),(52,'会员',0,1,'Member','list',' ico-shop-1','pid=0&amp;id=3','会员管理',0,1,1),(70,'视频管理',50,1,'Video','','ico-shop-1','','功能管理',0,1,1),(71,'视频列表',70,1,'video','index','','','视频列表',0,1,1),(77,'提现管理',73,1,'Acount','index','','','提现管理',0,100,1),(82,'用户反馈管理',69,1,'User','userFeedback','','','用户反馈管理',0,100,1),(99,'用户管理',52,1,'user','index','','','',0,0,1),(100,'学生管理',99,1,'user','student','','','',0,1,1),(101,'教师管理',99,1,'user','teacher','','','',0,2,1),(115,'教学视频管理',70,1,'Video','teaching_video','','','教学视频管理',0,3,1),(116,'单词管理',43,1,'Word','index','','','',0,1,1),(117,'单词库管理',116,1,'Word','index','','','',0,1,1),(120,'其他',0,1,'Grate','index','','','',0,4,1),(121,'题目管理',50,1,'Task','','','','',0,2,1),(122,'题目列表',121,1,'Task','index','','','',0,2,1),(123,'题目类别',121,1,'Task','category','','','题目类别',0,1,1),(124,'批改作业',121,1,'Task','correct_record','','','',0,3,1),(125,'年级管理',120,1,'Grate','','','','',0,1,1),(126,'年级列表',125,1,'Grate','index','','','',0,1,1),(127,'师生讨论记录',70,1,'Video','discussion_record','','','',0,4,1),(128,'课程列表',70,1,'Video','video_cate','','','',0,2,1);
/*!40000 ALTER TABLE `cx_menu` ENABLE KEYS */;
UNLOCK TABLES;

--
-- Table structure for table `cx_message`
--

DROP TABLE IF EXISTS `cx_message`;
/*!40101 SET @saved_cs_client     = @@character_set_client */;
/*!40101 SET character_set_client = utf8 */;
CREATE TABLE `cx_message` (
  `id` int(11) NOT NULL AUTO_INCREMENT,
  `uid` int(11) DEFAULT '0' COMMENT '客户id',
  `title` varchar(150) DEFAULT '' COMMENT '标题',
  `contents` text COMMENT '内容',
  `create_time` int(11) DEFAULT '0' COMMENT '添加时间',
  `status` tinyint(1) DEFAULT '1' COMMENT '消息状态',
  `type` tinyint(1) DEFAULT '2' COMMENT '消息类型 1：用户私信；2：官方消息',
  `is_read` tinyint(1) DEFAULT '0' COMMENT '是否已读',
  `adviser_id` smallint(5) DEFAULT '0' COMMENT '顾问id',
  PRIMARY KEY (`id`),
  KEY `uid` (`uid`)
) ENGINE=InnoDB DEFAULT CHARSET=utf8 ROW_FORMAT=DYNAMIC COMMENT='信息表';
/*!40101 SET character_set_client = @saved_cs_client */;

--
-- Dumping data for table `cx_message`
--

LOCK TABLES `cx_message` WRITE;
/*!40000 ALTER TABLE `cx_message` DISABLE KEYS */;
/*!40000 ALTER TABLE `cx_message` ENABLE KEYS */;
UNLOCK TABLES;

--
-- Table structure for table `cx_subject_category`
--

DROP TABLE IF EXISTS `cx_subject_category`;
/*!40101 SET @saved_cs_client     = @@character_set_client */;
/*!40101 SET character_set_client = utf8 */;
CREATE TABLE `cx_subject_category` (
  `id` int(11) NOT NULL AUTO_INCREMENT,
  `subject_cate_name` varchar(50) DEFAULT NULL,
  `cate_en` varchar(100) DEFAULT NULL COMMENT '类型英文名称',
  `replace_mark` varchar(100) DEFAULT NULL COMMENT '替代标志例如， 填空题用***代替',
  `status` tinyint(4) DEFAULT '1' COMMENT '状态 1：开启 0：关闭',
  `add_time` int(11) DEFAULT NULL COMMENT '添加时间',
  PRIMARY KEY (`id`)
) ENGINE=MyISAM AUTO_INCREMENT=5 DEFAULT CHARSET=utf8;
/*!40101 SET character_set_client = @saved_cs_client */;

--
-- Dumping data for table `cx_subject_category`
--

LOCK TABLES `cx_subject_category` WRITE;
/*!40000 ALTER TABLE `cx_subject_category` DISABLE KEYS */;
INSERT INTO `cx_subject_category` VALUES (4,'选择题','SINGLE_ANSWER','',1,1571316978),(2,'填空题','FILL_ANSWERS','|||',1,1571316803),(3,'阅读题','QUESTION_ANSWERS','***',1,1571316914);
/*!40000 ALTER TABLE `cx_subject_category` ENABLE KEYS */;
UNLOCK TABLES;

--
-- Table structure for table `cx_subject_task`
--

DROP TABLE IF EXISTS `cx_subject_task`;
/*!40101 SET @saved_cs_client     = @@character_set_client */;
/*!40101 SET character_set_client = utf8 */;
CREATE TABLE `cx_subject_task` (
  `subject_task_id` int(11) NOT NULL AUTO_INCREMENT,
  `task_name` varchar(200) DEFAULT NULL COMMENT '作业名称',
  `content` text COMMENT '内容',
  `status` tinyint(4) DEFAULT '1' COMMENT '状态 1：开启 0：关闭',
  `create_time` int(11) DEFAULT NULL COMMENT '创建时间',
  `op_time` int(11) DEFAULT NULL COMMENT '操作时间',
  `create_man` varchar(50) DEFAULT NULL COMMENT '创建人',
  `op_man` varchar(50) DEFAULT NULL COMMENT '操作人',
  PRIMARY KEY (`subject_task_id`)
) ENGINE=MyISAM AUTO_INCREMENT=15 DEFAULT CHARSET=utf8 COMMENT='题目表';
/*!40101 SET character_set_client = @saved_cs_client */;

--
-- Dumping data for table `cx_subject_task`
--

LOCK TABLES `cx_subject_task` WRITE;
/*!40000 ALTER TABLE `cx_subject_task` DISABLE KEYS */;
INSERT INTO `cx_subject_task` VALUES (11,'五年级第二节课','{\"SINGLE_ANSWER\":[{\"question\":\"KangKang is an wonder boy.\",\"sel_con\":\"A: That\'s true#B: That\'s  false#C: That\'s nb#D: That\'s very very nb\",\"answer\":\"C\"}],\"FILL_ANSWERS\":[{\"question\":\"this is # wallet # belong #.\",\"answer\":\"a#cc#ee\"}],\"QUESTION_ANSWERS\":[]}',1,1574697769,NULL,NULL,'1574697769'),(12,'五年级第三节课','{\"SINGLE_ANSWER\":[],\"FILL_ANSWERS\":[],\"QUESTION_ANSWERS\":[{\"question\":\"British newspapers are much smaller than they used to be and their readers are often in hurry, so newspapermen write as few words as possible. They tell their readers at once what happened where when and how it happened and what was the result how many people were killed, what change was done and so on Readers want the fact set out as fully and accurately as possible Readers are also interested in the people who have seen the accident. So a newspaperman always likes to get some information ( from someone who was there, which can be given in the person\'s own words. Because he can use only a few words the newspaperman must choose those words carefully, every one must be effective(有效). Instead of“he called out in loud voice, he writes” he shouted” instead of“the loose stones rolled noisily down the side of the mountain”, he will write\",\"answer\":\"C\",\"sel_con\":\"\"},{\"question\":\"British newspapers are much smaller than they used to be and their readers are often in hurry, so newspapermen write as few words as possible. They tell their readers at once what happened where when and how it happened and what was the result how many people were killed, what change was done and so on Readers want the fact set out as fully and accurately as possible Readers are also interested in the people who have seen the accident. So a newspaperman always likes to get some information ( from someone who was there, which can be given in the person\'s own words. Because he can use only a few words the newspaperman must choose those words carefully, every one must be effective(有效). Instead of“he called out in loud voice, he writes” he shouted” instead of“the loose stones rolled noisily down the side of the mountain”, he will write\",\"answer\":\"D\",\"sel_con\":\"\"},{\"question\":\"British newspapers are much smaller than they used to be and their readers are often in hurry, so newspapermen write as few words as possible. They tell their readers at once what happened where when and how it happened and what was the result how many people were killed, what change was done and so on Readers want the fact set out as fully and accurately as possible Readers are also interested in the people who have seen the accident. So a newspaperman always likes to get some information ( from someone who was there, which can be given in the person\'s own words. Because he can use only a few words the newspaperman must choose those words carefully, every one must be effective(有效). Instead of“he called out in loud voice, he writes” he shouted” instead of“the loose stones rolled noisily down the side of the mountain”, he will write\",\"answer\":\"A\",\"sel_con\":\"\"}]}',1,1574697867,NULL,NULL,'1574697867'),(9,'五年级第一节课','{\"SINGLE_ANSWER\":[{\"question\":\"测试题\",\"sel_con\":\"A: aie#B: aee#C: aea#D: dea\",\"answer\":\"C\"},{\"question\":\"测试题B\",\"sel_con\":\"A: bee#B: bge#C: cda#D: eea\",\"answer\":\"B\"}],\"FILL_ANSWERS\":[{\"question\":\"this is # wallet # belong #.\",\"answer\":\"a#cc#ee\"}],\"QUESTION_ANSWERS\":[{\"question\":\"British newspapers are much smaller than they used to be and their readers are often in hurry, so newspapermen write as few words as possible. They tell their readers at once what happened where when and how it happened and what was the result how many people were killed, what change was done and so on Readers want the fact set out as fully and accurately as possible Readers are also interested in the people who have seen the accident. So a newspaperman always likes to get some information ( from someone who was there, which can be given in the person\'s own words. Because he can use only a few words the newspaperman must choose those words carefully, every one must be effective(有效). Instead of“he called out in loud voice, he writes” he shouted” instead of“the loose stones rolled noisily down the side of the mountain”, he will write\",\"answer\":\"A#C#D#F#F#\",\"sel_con\":\"A: aie#B: aee#C: aea#D: dea\"}]}',1,1573965247,NULL,NULL,'1574697669'),(13,'初中英语第一节课','{\"SINGLE_ANSWER\":[],\"FILL_ANSWERS\":[{\"question\":\"this is # wallet # belong #.\",\"answer\":\"archieve#chick#kangroo\"},{\"question\":\"this is # still# replay #.\",\"answer\":\"little#change#may\"}],\"QUESTION_ANSWERS\":[]}',1,1574697955,NULL,NULL,'1574698564'),(14,'大学英语第一节课','{\"SINGLE_ANSWER\":[{\"question\":\"One minus two?\",\"sel_con\":\"A: o one#B: p one#C: m one#D: one\",\"answer\":\"C\"},{\"question\":\"Jack in one?\",\"sel_con\":\"A: lone#B: ferry#C: survey#D: aricher\",\"answer\":\"D\"}],\"FILL_ANSWERS\":[],\"QUESTION_ANSWERS\":[]}',1,1574698050,NULL,NULL,'1574698050');
/*!40000 ALTER TABLE `cx_subject_task` ENABLE KEYS */;
UNLOCK TABLES;

--
-- Table structure for table `cx_system`
--

DROP TABLE IF EXISTS `cx_system`;
/*!40101 SET @saved_cs_client     = @@character_set_client */;
/*!40101 SET character_set_client = utf8 */;
CREATE TABLE `cx_system` (
  `id` int(11) NOT NULL AUTO_INCREMENT,
  `APP_key` varchar(255) NOT NULL COMMENT 'APPkey',
  `APP_secret` varchar(255) NOT NULL COMMENT 'APPsecret',
  `callback` varchar(255) DEFAULT NULL COMMENT 'callback',
  `type` tinyint(1) DEFAULT NULL COMMENT '类型 1：微信；2：支付；3：短信',
  `recharge_set` varchar(500) DEFAULT NULL COMMENT '充值设置',
  PRIMARY KEY (`id`)
) ENGINE=InnoDB AUTO_INCREMENT=4 DEFAULT CHARSET=utf8 ROW_FORMAT=DYNAMIC;
/*!40101 SET character_set_client = @saved_cs_client */;

--
-- Dumping data for table `cx_system`
--

LOCK TABLES `cx_system` WRITE;
/*!40000 ALTER TABLE `cx_system` DISABLE KEYS */;
INSERT INTO `cx_system` VALUES (1,'2','2','3',3,'[{\"recharge_money\":\"1980\",\"recharge_days\":\"365\"},{\"recharge_money\":\"1\",\"recharge_days\":\"1\"}]'),(2,'3','3','3',1,NULL),(3,'4','4','4',2,NULL);
/*!40000 ALTER TABLE `cx_system` ENABLE KEYS */;
UNLOCK TABLES;

--
-- Table structure for table `cx_teacher`
--

DROP TABLE IF EXISTS `cx_teacher`;
/*!40101 SET @saved_cs_client     = @@character_set_client */;
/*!40101 SET character_set_client = utf8 */;
CREATE TABLE `cx_teacher` (
  `teacher_id` int(11) NOT NULL AUTO_INCREMENT,
  `username` varchar(11) DEFAULT NULL COMMENT '账号',
  `pwd` varchar(50) DEFAULT NULL COMMENT '密码',
  `login_time` int(11) DEFAULT NULL,
  `grate_id` int(11) DEFAULT NULL COMMENT '所属年级',
  `teacher_name` varchar(50) DEFAULT NULL COMMENT '教师名称',
  `is_recomment` tinyint(4) DEFAULT '0' COMMENT '是否推荐 1：是 0：否',
  `teacher_info` varchar(1024) DEFAULT NULL COMMENT '教师信息',
  `is_online` tinyint(4) DEFAULT NULL COMMENT '是否在线 1是 0否',
  `status` tinyint(4) DEFAULT '1' COMMENT '状态 1是 0否',
  `add_time` int(11) DEFAULT NULL COMMENT '添加时间',
  `head` varchar(200) DEFAULT NULL COMMENT '头像',
  `img` varchar(200) DEFAULT NULL,
  `qrcode_url` varchar(200) NOT NULL,
  PRIMARY KEY (`teacher_id`)
) ENGINE=MyISAM AUTO_INCREMENT=5 DEFAULT CHARSET=utf8 COMMENT='教师表';
/*!40101 SET character_set_client = @saved_cs_client */;

--
-- Dumping data for table `cx_teacher`
--

LOCK TABLES `cx_teacher` WRITE;
/*!40000 ALTER TABLE `cx_teacher` DISABLE KEYS */;
INSERT INTO `cx_teacher` VALUES (1,'17512020661','e10adc3949ba59abbe56e057f20f883e',1574776042,4,'程老师',1,NULL,1,1,NULL,NULL,'/Uploads/Common/2019/11/30/2019-11-30/5de220925f4e7.jpg','http://hmlwan521.com/Uploads/Home/5ddbf84e96e6b.png'),(2,'13168770060','e10adc3949ba59abbe56e057f20f883e',1575087816,NULL,'许某人',1,NULL,1,1,NULL,NULL,'/Uploads/Common/2019/11/30/2019-11-30/5de220a2255bc.jpg','http://hmlwan521.com/Uploads/Home/5dddd9ed0ca82.png'),(3,'xudaxian','e10adc3949ba59abbe56e057f20f883e',NULL,NULL,'许大仙',0,NULL,NULL,1,NULL,NULL,'/Uploads/Common/2019/11/22/2019-11-22/5dd6bcdcc7103.jpg',''),(4,'xianrenzhan','e10adc3949ba59abbe56e057f20f883e',1574534039,NULL,'仙认账',0,NULL,NULL,1,NULL,NULL,'/Uploads/Common/2019/11/30/2019-11-30/5de220b450c10.jpg','');
/*!40000 ALTER TABLE `cx_teacher` ENABLE KEYS */;
UNLOCK TABLES;

--
-- Table structure for table `cx_teacher_correct_task`
--

DROP TABLE IF EXISTS `cx_teacher_correct_task`;
/*!40101 SET @saved_cs_client     = @@character_set_client */;
/*!40101 SET character_set_client = utf8 */;
CREATE TABLE `cx_teacher_correct_task` (
  `id` int(11) NOT NULL AUTO_INCREMENT,
  `teaching_video_id` int(11) DEFAULT NULL COMMENT '教学视频id',
  `member_id` int(11) DEFAULT NULL COMMENT '学生id',
  `teacher_id` int(11) DEFAULT NULL COMMENT '教师id',
  `content` text COMMENT '作业以及评语',
  `is_correct` tinyint(4) DEFAULT '0' COMMENT '是否批改完 1：批改完 0：为批改完',
  `add_time` int(11) DEFAULT NULL COMMENT '批改时间',
  `sub_time` int(11) DEFAULT NULL COMMENT '提交时间',
  PRIMARY KEY (`id`),
  UNIQUE KEY `id` (`id`),
  UNIQUE KEY `teacher_id` (`teacher_id`)
) ENGINE=MyISAM AUTO_INCREMENT=6 DEFAULT CHARSET=utf8 COMMENT='批改记录';
/*!40101 SET character_set_client = @saved_cs_client */;

--
-- Dumping data for table `cx_teacher_correct_task`
--

LOCK TABLES `cx_teacher_correct_task` WRITE;
/*!40000 ALTER TABLE `cx_teacher_correct_task` DISABLE KEYS */;
INSERT INTO `cx_teacher_correct_task` VALUES (4,8,3,NULL,'{\"SINGLE_ANSWER\":[],\"QUESTION_ANSWERS\":[],\"FILL_ANSWERS\":[{\"question\":\"this is # wallet # belong #.\",\"answer\":\"archieve#chick#kangroo\",\"stu_answer\":[\"an\",\"must\",\"to\"]},{\"question\":\"this is # still# replay #.\",\"answer\":\"little#change#may\",\"stu_answer\":[\"sand\",\"kick\",\"pan\"]}]}',0,NULL,1574776440),(5,9,3,NULL,'{\"SINGLE_ANSWER\":[],\"QUESTION_ANSWERS\":[],\"FILL_ANSWERS\":[{\"question\":\"this is # wallet # belong #.\",\"answer\":\"archieve#chick#kangroo\",\"stu_answer\":[\"io\",\"sod\",\"long\"]},{\"question\":\"this is # still# replay #.\",\"answer\":\"little#change#may\",\"stu_answer\":[\"alioen\",\"union\",\"wick\"]}]}',0,NULL,1574776470);
/*!40000 ALTER TABLE `cx_teacher_correct_task` ENABLE KEYS */;
UNLOCK TABLES;

--
-- Table structure for table `cx_teaching_video`
--

DROP TABLE IF EXISTS `cx_teaching_video`;
/*!40101 SET @saved_cs_client     = @@character_set_client */;
/*!40101 SET character_set_client = utf8 */;
CREATE TABLE `cx_teaching_video` (
  `id` int(11) NOT NULL AUTO_INCREMENT,
  `title` varchar(100) DEFAULT NULL COMMENT '教学视频标题',
  `video_cate_id` int(11) DEFAULT NULL COMMENT '课程id',
  `video_id` int(11) DEFAULT NULL COMMENT '视频id',
  `subject_task_id` int(11) DEFAULT NULL COMMENT '作业id',
  `sort` tinyint(10) DEFAULT NULL COMMENT '排序',
  `create_time` int(11) DEFAULT NULL,
  `status` tinyint(4) DEFAULT '1' COMMENT '状态 1：开启 0：关闭',
  `is_fee` tinyint(4) DEFAULT '0' COMMENT '是否收费 1：是 0：否',
  `cover_img` varchar(200) DEFAULT NULL COMMENT '视频封面',
  PRIMARY KEY (`id`)
) ENGINE=MyISAM AUTO_INCREMENT=12 DEFAULT CHARSET=utf8 COMMENT='教学视频';
/*!40101 SET character_set_client = @saved_cs_client */;

--
-- Dumping data for table `cx_teaching_video`
--

LOCK TABLES `cx_teaching_video` WRITE;
/*!40000 ALTER TABLE `cx_teaching_video` DISABLE KEYS */;
INSERT INTO `cx_teaching_video` VALUES (1,'大学英语第一节课',3,9,14,1,1572678606,1,NULL,'/Uploads/Common/2019/11/26/2019-11-26/5ddbfc57c3073.jpg'),(3,'五年级英语第二节课',2,2,11,3,1574698245,1,0,'/Uploads/Common/2019/11/26/2019-11-26/5ddbfd020ee00.jpg'),(2,'五年级英语第一节课',2,1,9,2,1573908770,1,0,'/Uploads/Common/2019/11/16/2019-11-16/5dcff11c75f45.jpg'),(4,'五年级英语第三节课',2,3,12,4,1574698288,1,0,'/Uploads/Common/2019/11/26/2019-11-26/5ddbfd2dde75a.jpg'),(5,'五年级英语第四节课',2,4,12,5,1574698313,1,0,'/Uploads/Common/2019/11/26/2019-11-26/5ddbfd46e42e1.jpg'),(6,'大学英语第二节课',3,10,14,2,1574698339,1,0,'/Uploads/Common/2019/11/26/2019-11-26/5ddbfd611ec63.jpg'),(7,'大学英语第三节课',3,11,14,3,1574698446,1,0,'/Uploads/Common/2019/11/26/2019-11-26/5ddbfdca8586f.jpg'),(8,'初中英语第一节课',1,5,13,1,1574698589,1,0,'/Uploads/Common/2019/11/26/2019-11-26/5ddbfe5a1bc69.jpg'),(9,'初中英语第二节课',1,6,13,2,1574698608,1,0,'/Uploads/Common/2019/11/26/2019-11-26/5ddbfe6e1be79.jpg'),(10,'初中英语第三节课',1,7,13,3,1574698623,1,0,'/Uploads/Common/2019/11/26/2019-11-26/5ddbfe7e228b8.jpg'),(11,'初中英语第四节课',1,8,13,4,1574698651,1,0,'/Uploads/Common/2019/11/26/2019-11-26/5ddbfe9aa02cd.jpg');
/*!40000 ALTER TABLE `cx_teaching_video` ENABLE KEYS */;
UNLOCK TABLES;

--
-- Table structure for table `cx_video`
--

DROP TABLE IF EXISTS `cx_video`;
/*!40101 SET @saved_cs_client     = @@character_set_client */;
/*!40101 SET character_set_client = utf8 */;
CREATE TABLE `cx_video` (
  `video_id` int(11) NOT NULL AUTO_INCREMENT,
  `video_name` varchar(100) DEFAULT NULL COMMENT '视频名称',
  `video_url` varchar(200) DEFAULT NULL COMMENT '视频地址',
  `blackboard_writing` text COMMENT '板书',
  `status` tinyint(5) DEFAULT '1' COMMENT '状态 1：开启0:关闭',
  `create_time` int(11) DEFAULT NULL COMMENT '创建时间',
  `create_man` varchar(50) DEFAULT NULL,
  `op_time` int(11) DEFAULT NULL,
  `op_man` varchar(50) DEFAULT NULL,
  PRIMARY KEY (`video_id`)
) ENGINE=MyISAM AUTO_INCREMENT=12 DEFAULT CHARSET=utf8 COMMENT='教学视频表';
/*!40101 SET character_set_client = @saved_cs_client */;

--
-- Dumping data for table `cx_video`
--

LOCK TABLES `cx_video` WRITE;
/*!40000 ALTER TABLE `cx_video` DISABLE KEYS */;
INSERT INTO `cx_video` VALUES (1,'五年级第一节课','http://122.51.187.207/mp3/%e5%91%a8%e6%9d%b0%e4%bc%a6%20-%20%e5%8d%8a%e5%b2%9b%e9%93%81%e7%9b%92.mp3','\'[00:00.00]寂寞的太空人\\n\' +\r\n        \'[01:13.02]当你回到陆地\\n\' +\r\n        \'[01:17.00]回到平凡而不凡的生活里\\n\' +\r\n        \'[01:23.23]---\\n\' +\r\n        \'[01:25.34]某一刻 或许\\n\' +\r\n        \'[01:27.66]你会在漆黑的夜里 看清\\n\' +\r\n        \'[01:31.56]我曾在那 为你兀自亮起\\n\' +\r\n        \'[01:38.44]---\\n\' +\r\n        \'[01:39.54]而你看见的星\\n\' +\r\n        \'[01:42.67]已是数千年前死亡的\\n\' +\r\n        \'[01:46.87]和你一起的我\\n\' +\r\n        \'[01:50.41]和我一起的你\\n\' +\r\n        \'[01:53.49]和我们曾经明灭的爱情\\n\' +\r\n        \'[01:59.31]---\\n\' +\r\n        \'[01:59.59]曾经那么靠近 你的舞蹈 无重力\\n\' +\r\n        \'[02:07.18]在对谈如絮 彼此牵引的日子里\\n\' +\r\n        \'[02:14.41]只是可惜 我的环境无水 无氧气\\n\' +\r\n        \'[02:22.96]我的重听 以为你说继续原来你说的\\n\' +\r\n        \'[02:30.19]是离去\\n\' +\r\n        \'[02:32.66]　---\\n\' +\r\n        \'[02:33.17]　---\\n\' +\r\n        \'[02:33.17]　---\\n\' +\r\n        \'[02:33.22]　---\\n\' +\r\n        \'[02:33.27]　---\\n\' +\r\n        \'[02:33.27]　---\\n\' +\r\n        \'[02:33.32]　---\\n\' +\r\n        \'[02:33.37]　---\\n\' +\r\n        \'[02:33.42]　---\\n\' +\r\n        \'[02:33.42]　---\\n\' +\r\n        \'[02:35.03]旋转的太空人\\n\' +\r\n        \'[02:37.90]当你回到人群\\n\' +\r\n        \'[02:4',1,1571233113,NULL,1574697292,NULL),(2,'五年级第二节课','http://122.51.187.207/mp3/%e5%91%a8%e6%9d%b0%e4%bc%a6%20-%20%e7%99%bd%e8%89%b2%e9%a3%8e%e8%bd%a6.mp3','\'[00:00.00]寂寞的太空人\\n\' +\r\n        \'[01:13.02]当你回到陆地\\n\' +\r\n        \'[01:17.00]回到平凡而不凡的生活里\\n\' +\r\n        \'[01:23.23]---\\n\' +\r\n        \'[01:25.34]某一刻 或许\\n\' +\r\n        \'[01:27.66]你会在漆黑的夜里 看清\\n\' +\r\n        \'[01:31.56]我曾在那 为你兀自亮起\\n\' +\r\n        \'[01:38.44]---\\n\' +\r\n        \'[01:39.54]而你看见的星\\n\' +\r\n        \'[01:42.67]已是数千年前死亡的\\n\' +\r\n        \'[01:46.87]和你一起的我\\n\' +\r\n        \'[01:50.41]和我一起的你\\n\' +\r\n        \'[01:53.49]和我们曾经明灭的爱情\\n\' +\r\n        \'[01:59.31]---\\n\' +\r\n        \'[01:59.59]曾经那么靠近 你的舞蹈 无重力\\n\' +\r\n        \'[02:07.18]在对谈如絮 彼此牵引的日子里\\n\' +\r\n        \'[02:14.41]只是可惜 我的环境无水 无氧气\\n\' +\r\n        \'[02:22.96]我的重听 以为你说继续原来你说的\\n\' +\r\n        \'[02:30.19]是离去\\n\' +\r\n        \'[02:32.66]　---\\n\' +\r\n        \'[02:33.17]　---\\n\' +\r\n        \'[02:33.17]　---\\n\' +\r\n        \'[02:33.22]　---\\n\' +\r\n        \'[02:33.27]　---\\n\' +\r\n        \'[02:33.27]　---\\n\' +\r\n        \'[02:33.32]　---\\n\' +\r\n        \'[02:33.37]　---\\n\' +\r\n        \'[02:33.42]　---\\n\' +\r\n        \'[02:33.42]　---\\n\' +\r\n        \'[02:35.03]旋转的太空人\\n\' +\r\n        \'[02:37.90]当你回到人群\\n\' +\r\n        \'[02:4',1,1573908654,NULL,1573909062,NULL),(3,'五年级第三节课','http://122.51.187.207/mp3/%e5%91%a8%e6%9d%b0%e4%bc%a6%20-%20%e5%8d%8a%e5%b2%9b%e9%93%81%e7%9b%92.mp3','\'[00:00.00]寂寞的太空人\\n\' +\r\n        \'[01:13.02]当你回到陆地\\n\' +\r\n        \'[01:17.00]回到平凡而不凡的生活里\\n\' +\r\n        \'[01:23.23]---\\n\' +\r\n        \'[01:25.34]某一刻 或许\\n\' +\r\n        \'[01:27.66]你会在漆黑的夜里 看清\\n\' +\r\n        \'[01:31.56]我曾在那 为你兀自亮起\\n\' +\r\n        \'[01:38.44]---\\n\' +\r\n        \'[01:39.54]而你看见的星\\n\' +\r\n        \'[01:42.67]已是数千年前死亡的\\n\' +\r\n        \'[01:46.87]和你一起的我\\n\' +\r\n        \'[01:50.41]和我一起的你\\n\' +\r\n        \'[01:53.49]和我们曾经明灭的爱情\\n\' +\r\n        \'[01:59.31]---\\n\' +\r\n        \'[01:59.59]曾经那么靠近 你的舞蹈 无重力\\n\' +\r\n        \'[02:07.18]在对谈如絮 彼此牵引的日子里\\n\' +\r\n        \'[02:14.41]只是可惜 我的环境无水 无氧气\\n\' +\r\n        \'[02:22.96]我的重听 以为你说继续原来你说的\\n\' +\r\n        \'[02:30.19]是离去\\n\' +\r\n        \'[02:32.66]　---\\n\' +\r\n        \'[02:33.17]　---\\n\' +\r\n        \'[02:33.17]　---\\n\' +\r\n        \'[02:33.22]　---\\n\' +\r\n        \'[02:33.27]　---\\n\' +\r\n        \'[02:33.27]　---\\n\' +\r\n        \'[02:33.32]　---\\n\' +\r\n        \'[02:33.37]　---\\n\' +\r\n        \'[02:33.42]　---\\n\' +\r\n        \'[02:33.42]　---\\n\' +\r\n        \'[02:35.03]旋转的太空人\\n\' +\r\n        \'[02:37.90]当你回到人群\\n\' +\r\n        \'[02:4',1,1574697263,NULL,1574697263,NULL),(4,'五年级第四节课','http://122.51.187.207/mp3/%e5%91%a8%e6%9d%b0%e4%bc%a6%20-%20%e5%8d%8a%e5%b2%9b%e9%93%81%e7%9b%92.mp3','\'[00:00.00]寂寞的太空人\\n\' +\r\n        \'[01:13.02]当你回到陆地\\n\' +\r\n        \'[01:17.00]回到平凡而不凡的生活里\\n\' +\r\n        \'[01:23.23]---\\n\' +\r\n        \'[01:25.34]某一刻 或许\\n\' +\r\n        \'[01:27.66]你会在漆黑的夜里 看清\\n\' +\r\n        \'[01:31.56]我曾在那 为你兀自亮起\\n\' +\r\n        \'[01:38.44]---\\n\' +\r\n        \'[01:39.54]而你看见的星\\n\' +\r\n        \'[01:42.67]已是数千年前死亡的\\n\' +\r\n        \'[01:46.87]和你一起的我\\n\' +\r\n        \'[01:50.41]和我一起的你\\n\' +\r\n        \'[01:53.49]和我们曾经明灭的爱情\\n\' +\r\n        \'[01:59.31]---\\n\' +\r\n        \'[01:59.59]曾经那么靠近 你的舞蹈 无重力\\n\' +\r\n        \'[02:07.18]在对谈如絮 彼此牵引的日子里\\n\' +\r\n        \'[02:14.41]只是可惜 我的环境无水 无氧气\\n\' +\r\n        \'[02:22.96]我的重听 以为你说继续原来你说的\\n\' +\r\n        \'[02:30.19]是离去\\n\' +\r\n        \'[02:32.66]　---\\n\' +\r\n        \'[02:33.17]　---\\n\' +\r\n        \'[02:33.17]　---\\n\' +\r\n        \'[02:33.22]　---\\n\' +\r\n        \'[02:33.27]　---\\n\' +\r\n        \'[02:33.27]　---\\n\' +\r\n        \'[02:33.32]　---\\n\' +\r\n        \'[02:33.37]　---\\n\' +\r\n        \'[02:33.42]　---\\n\' +\r\n        \'[02:33.42]　---\\n\' +\r\n        \'[02:35.03]旋转的太空人\\n\' +\r\n        \'[02:37.90]当你回到人群\\n\' +\r\n        \'[02:4',1,1574697278,NULL,1574697278,NULL),(5,'初中第一节课','http://code-products.club/%E8%A7%86%E9%A2%91/%E7%94%B5%E5%BD%B1/%e5%a5%bd%e5%b0%8f%e5%ad%90%e4%bb%ac.mp4','[00:04.69] 测试测试测试测试测试测试测试测试测试测试测试测试测试\r\n[00:12.09] 测试测试测试测试测试测试测试测试测试测试测试测试测试\r\n[00:15.93] 测试测试测试测试测试测试测试测试测试测试测试测试测试\r\n[00:16.94] 测试测试测试测试测试测试测试测试测试测试测试测试测试\r\n[06:03.80] i don\'t wanne be ......\r\n[06:23.51] 测试测试测试测试测试测试测试测试测试测试测试测试测试\r\n[06:43.38] 测试ldjfklajklfjlafdsf\r\n[17:47.12] 测试ooooooooooooooooooooooooooooooooooooooooooooooooooooooo\r\n[19:56.49] 测试ooooooooooooooooooooooooooooooooooooooooooooooooooooooo\r\n[20:41.39] 测试ooooooooooooooooooooooooooooooooooooooooooooooooooooooo\r\n[20:48.26] 测试ooooooooooooooooooooooooooooooooooooooooooooooooooooooo\r\n[27:28.42] 测试ooooooooooooooooooooooooooooooooooooooooooooooooooooooo\r\n[32:41.63] 测试ooooooooooooooooooooooooooooooooooooooooooooooooooooooo\r\n[35:52.17] 测试ooooooooooooooooooooooooooooooooooooooooooooooooooooooo\r\n[39:50.56] 测试ooooooooooooooooooooooooooooooooooooooooooooooooooooooo\r\n[42:51.59] 测试ooooooooooooooooooooooooooooooooooooooooooooooooooooooo\r\n[44:17.73] 测试ooooooooooooooooooooooooooooooooooooooooooooooooooooooo\r\n[40:47.75] 测试ooooooooooooooooooooooooooooooooooooooooooooooooooooooo\r\n[46:39.49] 测试kkkkkkkk\r\n[54:44.82] 测试poipiopipokpokq\r\n[01:02:42.41] 测试asdfasfsdfadsfdasfdsf\r\n[01:10:12.77] 测试asdfafdafdfadf\r\n[01:15:15.26] 测试iopupuiouiopuiopuiopipuouiop\r\n[01:21:18.44] 测试iokupiouipouiuipouipojiopasdf\r\n[01:22:31.16] akljfkldjfkl;djklfjk;sdlfjdkl;asjfkl;dsja;fkl;asdjk;flasdfsakljfkldjfkl;djklfjk;sdlfjdkl;asjfkl;dsja;fkl;asdjk;flasdfs\\nakljfkldjfkl;djklfjk;sdlfjdkl;asjfkl;dsja;fkl;asdjk;flasdfsakljfkldjfkl;djklfjk;sdlfjdkl;asjfkl;dsja;fkl;asdjk;flasdfsakljfkldjfkl;djklfjk;sdlfjdkl;asjfkl;dsja;fkl;asdjk;flasdfs\\nakljfkldjfkl;djklfjk;sdlfjdkl;asjfkl;dsja;fkl;asdjk;flasdfsakljfkldjfkl;djklfjk;sdlfjdkl;asjfkl;dsja;fkl;asdjk;flasdfs\\nakljfkldjfkl;djklfjk;sdlfjdkl;asjfkl;dsja;fkl;asdjk;flasdfs\r\n[01:24:54.30] akljfkldjfkl;djklfjk;sdlfjdkl;asjfkl;dsja;fkl;asdjk;flasdfs',1,1574697323,NULL,1575113468,NULL),(6,'初中第二节课','http://122.51.187.207/mp3/%e5%91%a8%e6%9d%b0%e4%bc%a6%20-%20%e5%8d%8a%e5%b2%9b%e9%93%81%e7%9b%92.mp3','\'[00:00.00]寂寞的太空人\\n\' +\r\n        \'[01:13.02]当你回到陆地\\n\' +\r\n        \'[01:17.00]回到平凡而不凡的生活里\\n\' +\r\n        \'[01:23.23]---\\n\' +\r\n        \'[01:25.34]某一刻 或许\\n\' +\r\n        \'[01:27.66]你会在漆黑的夜里 看清\\n\' +\r\n        \'[01:31.56]我曾在那 为你兀自亮起\\n\' +\r\n        \'[01:38.44]---\\n\' +\r\n        \'[01:39.54]而你看见的星\\n\' +\r\n        \'[01:42.67]已是数千年前死亡的\\n\' +\r\n        \'[01:46.87]和你一起的我\\n\' +\r\n        \'[01:50.41]和我一起的你\\n\' +\r\n        \'[01:53.49]和我们曾经明灭的爱情\\n\' +\r\n        \'[01:59.31]---\\n\' +\r\n        \'[01:59.59]曾经那么靠近 你的舞蹈 无重力\\n\' +\r\n        \'[02:07.18]在对谈如絮 彼此牵引的日子里\\n\' +\r\n        \'[02:14.41]只是可惜 我的环境无水 无氧气\\n\' +\r\n        \'[02:22.96]我的重听 以为你说继续原来你说的\\n\' +\r\n        \'[02:30.19]是离去\\n\' +\r\n        \'[02:32.66]　---\\n\' +\r\n        \'[02:33.17]　---\\n\' +\r\n        \'[02:33.17]　---\\n\' +\r\n        \'[02:33.22]　---\\n\' +\r\n        \'[02:33.27]　---\\n\' +\r\n        \'[02:33.27]　---\\n\' +\r\n        \'[02:33.32]　---\\n\' +\r\n        \'[02:33.37]　---\\n\' +\r\n        \'[02:33.42]　---\\n\' +\r\n        \'[02:33.42]　---\\n\' +\r\n        \'[02:35.03]旋转的太空人\\n\' +\r\n        \'[02:37.90]当你回到人群\\n\' +\r\n        \'[02:4',1,1574697343,NULL,1574697343,NULL),(7,'初中第三节课','http://122.51.187.207/mp3/%e5%91%a8%e6%9d%b0%e4%bc%a6%20-%20%e5%8d%8a%e5%b2%9b%e9%93%81%e7%9b%92.mp3','\'[00:00.00]寂寞的太空人\\n\' +\r\n        \'[01:13.02]当你回到陆地\\n\' +\r\n        \'[01:17.00]回到平凡而不凡的生活里\\n\' +\r\n        \'[01:23.23]---\\n\' +\r\n        \'[01:25.34]某一刻 或许\\n\' +\r\n        \'[01:27.66]你会在漆黑的夜里 看清\\n\' +\r\n        \'[01:31.56]我曾在那 为你兀自亮起\\n\' +\r\n        \'[01:38.44]---\\n\' +\r\n        \'[01:39.54]而你看见的星\\n\' +\r\n        \'[01:42.67]已是数千年前死亡的\\n\' +\r\n        \'[01:46.87]和你一起的我\\n\' +\r\n        \'[01:50.41]和我一起的你\\n\' +\r\n        \'[01:53.49]和我们曾经明灭的爱情\\n\' +\r\n        \'[01:59.31]---\\n\' +\r\n        \'[01:59.59]曾经那么靠近 你的舞蹈 无重力\\n\' +\r\n        \'[02:07.18]在对谈如絮 彼此牵引的日子里\\n\' +\r\n        \'[02:14.41]只是可惜 我的环境无水 无氧气\\n\' +\r\n        \'[02:22.96]我的重听 以为你说继续原来你说的\\n\' +\r\n        \'[02:30.19]是离去\\n\' +\r\n        \'[02:32.66]　---\\n\' +\r\n        \'[02:33.17]　---\\n\' +\r\n        \'[02:33.17]　---\\n\' +\r\n        \'[02:33.22]　---\\n\' +\r\n        \'[02:33.27]　---\\n\' +\r\n        \'[02:33.27]　---\\n\' +\r\n        \'[02:33.32]　---\\n\' +\r\n        \'[02:33.37]　---\\n\' +\r\n        \'[02:33.42]　---\\n\' +\r\n        \'[02:33.42]　---\\n\' +\r\n        \'[02:35.03]旋转的太空人\\n\' +\r\n        \'[02:37.90]当你回到人群\\n\' +\r\n        \'[02:4',1,1574697353,NULL,1574697353,NULL),(8,'初中第四节课','http://122.51.187.207/mp3/%e5%91%a8%e6%9d%b0%e4%bc%a6%20-%20%e5%8d%8a%e5%b2%9b%e9%93%81%e7%9b%92.mp3','\'[00:00.00]寂寞的太空人\\n\' +\r\n        \'[01:13.02]当你回到陆地\\n\' +\r\n        \'[01:17.00]回到平凡而不凡的生活里\\n\' +\r\n        \'[01:23.23]---\\n\' +\r\n        \'[01:25.34]某一刻 或许\\n\' +\r\n        \'[01:27.66]你会在漆黑的夜里 看清\\n\' +\r\n        \'[01:31.56]我曾在那 为你兀自亮起\\n\' +\r\n        \'[01:38.44]---\\n\' +\r\n        \'[01:39.54]而你看见的星\\n\' +\r\n        \'[01:42.67]已是数千年前死亡的\\n\' +\r\n        \'[01:46.87]和你一起的我\\n\' +\r\n        \'[01:50.41]和我一起的你\\n\' +\r\n        \'[01:53.49]和我们曾经明灭的爱情\\n\' +\r\n        \'[01:59.31]---\\n\' +\r\n        \'[01:59.59]曾经那么靠近 你的舞蹈 无重力\\n\' +\r\n        \'[02:07.18]在对谈如絮 彼此牵引的日子里\\n\' +\r\n        \'[02:14.41]只是可惜 我的环境无水 无氧气\\n\' +\r\n        \'[02:22.96]我的重听 以为你说继续原来你说的\\n\' +\r\n        \'[02:30.19]是离去\\n\' +\r\n        \'[02:32.66]　---\\n\' +\r\n        \'[02:33.17]　---\\n\' +\r\n        \'[02:33.17]　---\\n\' +\r\n        \'[02:33.22]　---\\n\' +\r\n        \'[02:33.27]　---\\n\' +\r\n        \'[02:33.27]　---\\n\' +\r\n        \'[02:33.32]　---\\n\' +\r\n        \'[02:33.37]　---\\n\' +\r\n        \'[02:33.42]　---\\n\' +\r\n        \'[02:33.42]　---\\n\' +\r\n        \'[02:35.03]旋转的太空人\\n\' +\r\n        \'[02:37.90]当你回到人群\\n\' +\r\n        \'[02:4',1,1574697374,NULL,1574697374,NULL),(9,'大学第一节课','http://122.51.187.207/mp3/%e5%91%a8%e6%9d%b0%e4%bc%a6%20-%20%e5%8d%8a%e5%b2%9b%e9%93%81%e7%9b%92.mp3','\'[00:00.00]寂寞的太空人\\n\' +\r\n        \'[01:13.02]当你回到陆地\\n\' +\r\n        \'[01:17.00]回到平凡而不凡的生活里\\n\' +\r\n        \'[01:23.23]---\\n\' +\r\n        \'[01:25.34]某一刻 或许\\n\' +\r\n        \'[01:27.66]你会在漆黑的夜里 看清\\n\' +\r\n        \'[01:31.56]我曾在那 为你兀自亮起\\n\' +\r\n        \'[01:38.44]---\\n\' +\r\n        \'[01:39.54]而你看见的星\\n\' +\r\n        \'[01:42.67]已是数千年前死亡的\\n\' +\r\n        \'[01:46.87]和你一起的我\\n\' +\r\n        \'[01:50.41]和我一起的你\\n\' +\r\n        \'[01:53.49]和我们曾经明灭的爱情\\n\' +\r\n        \'[01:59.31]---\\n\' +\r\n        \'[01:59.59]曾经那么靠近 你的舞蹈 无重力\\n\' +\r\n        \'[02:07.18]在对谈如絮 彼此牵引的日子里\\n\' +\r\n        \'[02:14.41]只是可惜 我的环境无水 无氧气\\n\' +\r\n        \'[02:22.96]我的重听 以为你说继续原来你说的\\n\' +\r\n        \'[02:30.19]是离去\\n\' +\r\n        \'[02:32.66]　---\\n\' +\r\n        \'[02:33.17]　---\\n\' +\r\n        \'[02:33.17]　---\\n\' +\r\n        \'[02:33.22]　---\\n\' +\r\n        \'[02:33.27]　---\\n\' +\r\n        \'[02:33.27]　---\\n\' +\r\n        \'[02:33.32]　---\\n\' +\r\n        \'[02:33.37]　---\\n\' +\r\n        \'[02:33.42]　---\\n\' +\r\n        \'[02:33.42]　---\\n\' +\r\n        \'[02:35.03]旋转的太空人\\n\' +\r\n        \'[02:37.90]当你回到人群\\n\' +\r\n        \'[02:4',1,1574697388,NULL,1574697388,NULL),(10,'大学第二节课','http://122.51.187.207/mp3/%e5%91%a8%e6%9d%b0%e4%bc%a6%20-%20%e5%8d%8a%e5%b2%9b%e9%93%81%e7%9b%92.mp3','\'[00:00.00]寂寞的太空人\\n\' +\r\n        \'[01:13.02]当你回到陆地\\n\' +\r\n        \'[01:17.00]回到平凡而不凡的生活里\\n\' +\r\n        \'[01:23.23]---\\n\' +\r\n        \'[01:25.34]某一刻 或许\\n\' +\r\n        \'[01:27.66]你会在漆黑的夜里 看清\\n\' +\r\n        \'[01:31.56]我曾在那 为你兀自亮起\\n\' +\r\n        \'[01:38.44]---\\n\' +\r\n        \'[01:39.54]而你看见的星\\n\' +\r\n        \'[01:42.67]已是数千年前死亡的\\n\' +\r\n        \'[01:46.87]和你一起的我\\n\' +\r\n        \'[01:50.41]和我一起的你\\n\' +\r\n        \'[01:53.49]和我们曾经明灭的爱情\\n\' +\r\n        \'[01:59.31]---\\n\' +\r\n        \'[01:59.59]曾经那么靠近 你的舞蹈 无重力\\n\' +\r\n        \'[02:07.18]在对谈如絮 彼此牵引的日子里\\n\' +\r\n        \'[02:14.41]只是可惜 我的环境无水 无氧气\\n\' +\r\n        \'[02:22.96]我的重听 以为你说继续原来你说的\\n\' +\r\n        \'[02:30.19]是离去\\n\' +\r\n        \'[02:32.66]　---\\n\' +\r\n        \'[02:33.17]　---\\n\' +\r\n        \'[02:33.17]　---\\n\' +\r\n        \'[02:33.22]　---\\n\' +\r\n        \'[02:33.27]　---\\n\' +\r\n        \'[02:33.27]　---\\n\' +\r\n        \'[02:33.32]　---\\n\' +\r\n        \'[02:33.37]　---\\n\' +\r\n        \'[02:33.42]　---\\n\' +\r\n        \'[02:33.42]　---\\n\' +\r\n        \'[02:35.03]旋转的太空人\\n\' +\r\n        \'[02:37.90]当你回到人群\\n\' +\r\n        \'[02:4',1,1574697400,NULL,1574697407,NULL),(11,'大学第三节课','http://122.51.187.207/mp3/%e5%91%a8%e6%9d%b0%e4%bc%a6%20-%20%e5%8d%8a%e5%b2%9b%e9%93%81%e7%9b%92.mp3','\'[00:00.00]寂寞的太空人\\n\' +\r\n        \'[01:13.02]当你回到陆地\\n\' +\r\n        \'[01:17.00]回到平凡而不凡的生活里\\n\' +\r\n        \'[01:23.23]---\\n\' +\r\n        \'[01:25.34]某一刻 或许\\n\' +\r\n        \'[01:27.66]你会在漆黑的夜里 看清\\n\' +\r\n        \'[01:31.56]我曾在那 为你兀自亮起\\n\' +\r\n        \'[01:38.44]---\\n\' +\r\n        \'[01:39.54]而你看见的星\\n\' +\r\n        \'[01:42.67]已是数千年前死亡的\\n\' +\r\n        \'[01:46.87]和你一起的我\\n\' +\r\n        \'[01:50.41]和我一起的你\\n\' +\r\n        \'[01:53.49]和我们曾经明灭的爱情\\n\' +\r\n        \'[01:59.31]---\\n\' +\r\n        \'[01:59.59]曾经那么靠近 你的舞蹈 无重力\\n\' +\r\n        \'[02:07.18]在对谈如絮 彼此牵引的日子里\\n\' +\r\n        \'[02:14.41]只是可惜 我的环境无水 无氧气\\n\' +\r\n        \'[02:22.96]我的重听 以为你说继续原来你说的\\n\' +\r\n        \'[02:30.19]是离去\\n\' +\r\n        \'[02:32.66]　---\\n\' +\r\n        \'[02:33.17]　---\\n\' +\r\n        \'[02:33.17]　---\\n\' +\r\n        \'[02:33.22]　---\\n\' +\r\n        \'[02:33.27]　---\\n\' +\r\n        \'[02:33.27]　---\\n\' +\r\n        \'[02:33.32]　---\\n\' +\r\n        \'[02:33.37]　---\\n\' +\r\n        \'[02:33.42]　---\\n\' +\r\n        \'[02:33.42]　---\\n\' +\r\n        \'[02:35.03]旋转的太空人\\n\' +\r\n        \'[02:37.90]当你回到人群\\n\' +\r\n        \'[02:4',1,1574697420,NULL,1574697420,NULL);
/*!40000 ALTER TABLE `cx_video` ENABLE KEYS */;
UNLOCK TABLES;

--
-- Table structure for table `cx_video_cate`
--

DROP TABLE IF EXISTS `cx_video_cate`;
/*!40101 SET @saved_cs_client     = @@character_set_client */;
/*!40101 SET character_set_client = utf8 */;
CREATE TABLE `cx_video_cate` (
  `id` int(11) NOT NULL AUTO_INCREMENT,
  `title` varchar(200) DEFAULT NULL COMMENT '名称',
  `cate_id` int(11) DEFAULT NULL,
  `teacher_id` int(11) DEFAULT NULL,
  `is_recommend` tinyint(4) DEFAULT '0' COMMENT '是否推荐 1：是 0：否',
  `img` varchar(200) DEFAULT NULL COMMENT '图片',
  `status` tinyint(4) DEFAULT NULL COMMENT '状态：1开启0关闭',
  `op_time` int(11) DEFAULT NULL,
  PRIMARY KEY (`id`)
) ENGINE=MyISAM AUTO_INCREMENT=4 DEFAULT CHARSET=utf8;
/*!40101 SET character_set_client = @saved_cs_client */;

--
-- Dumping data for table `cx_video_cate`
--

LOCK TABLES `cx_video_cate` WRITE;
/*!40000 ALTER TABLE `cx_video_cate` DISABLE KEYS */;
INSERT INTO `cx_video_cate` VALUES (1,'初中英语',4,2,1,'/Uploads/Common/2019/11/05/2019-11-05/5dc0e4d2cce5e.png',1,1574698541),(2,'五年级英语',4,2,1,'/Uploads/Common/2019/11/16/2019-11-16/5dcfa4e84cd84.jpg',1,1575105914),(3,'大学英语',6,2,1,'/Uploads/Common/2019/11/25/2019-11-25/5ddbfa2b4fdf2.jpg',1,1575105919);
/*!40000 ALTER TABLE `cx_video_cate` ENABLE KEYS */;
UNLOCK TABLES;

--
-- Table structure for table `cx_word`
--

DROP TABLE IF EXISTS `cx_word`;
/*!40101 SET @saved_cs_client     = @@character_set_client */;
/*!40101 SET character_set_client = utf8 */;
CREATE TABLE `cx_word` (
  `id` int(11) NOT NULL AUTO_INCREMENT,
  `word_name` varchar(100) DEFAULT NULL COMMENT '单词',
  `person_name` varchar(100) DEFAULT NULL COMMENT '人名',
  `word_origin` varchar(200) DEFAULT NULL COMMENT '词源',
  `synonym` text COMMENT '同义词',
  `chinese_interpretation` varchar(1024) DEFAULT NULL COMMENT '中国化解释',
  `chinese_interpretation_con` text COMMENT '中国化解释详情',
  `status` tinyint(2) DEFAULT '1' COMMENT '状态 1开启 0：关闭',
  `op_time` int(11) DEFAULT NULL,
  PRIMARY KEY (`id`)
) ENGINE=MyISAM AUTO_INCREMENT=2 DEFAULT CHARSET=utf8 COMMENT='单词表';
/*!40101 SET character_set_client = @saved_cs_client */;

--
-- Dumping data for table `cx_word`
--

LOCK TABLES `cx_word` WRITE;
/*!40000 ALTER TABLE `cx_word` DISABLE KEYS */;
INSERT INTO `cx_word` VALUES (1,'demur','德)德穆尔；(法)德米尔','V-I If you demur, you say that you do not agree with something or will not do something that you have been asked to do. 表示异议 [正式]','&lt;span style=&quot;color:#434343;font-family:Arial, sans-serif;font-size:14px;background-color:#FCFCFE;&quot;&gt;欢迎访问您访问郭威英语网站，本网站内容基于郭威教练新浪博客转载。 ... demonstrate 证明,演示,作示威运动&amp;nbsp;&lt;/span&gt;&lt;span style=&quot;color:#638C0B;font-family:Arial, sans-serif;font-size:14px;background-color:#FCFCFE;&quot;&gt;demur&amp;nbsp;&lt;/span&gt;&lt;span style=&quot;color:#638C0B;font-family:Arial, sans-serif;font-size:14px;background-color:#FCFCFE;&quot;&gt;反对&lt;/span&gt;&lt;span style=&quot;color:#434343;font-family:Arial, sans-serif;font-size:14px;background-color:#FCFCFE;&quot;&gt;,犹豫 denude 剥下,脱去,剥夺 ...&lt;/span&gt;','异议；反对','异议；反对',1,1572767159);
/*!40000 ALTER TABLE `cx_word` ENABLE KEYS */;
UNLOCK TABLES;
/*!40103 SET TIME_ZONE=@OLD_TIME_ZONE */;

/*!40101 SET SQL_MODE=@OLD_SQL_MODE */;
/*!40014 SET FOREIGN_KEY_CHECKS=@OLD_FOREIGN_KEY_CHECKS */;
/*!40014 SET UNIQUE_CHECKS=@OLD_UNIQUE_CHECKS */;
/*!40101 SET CHARACTER_SET_CLIENT=@OLD_CHARACTER_SET_CLIENT */;
/*!40101 SET CHARACTER_SET_RESULTS=@OLD_CHARACTER_SET_RESULTS */;
/*!40101 SET COLLATION_CONNECTION=@OLD_COLLATION_CONNECTION */;
/*!40111 SET SQL_NOTES=@OLD_SQL_NOTES */;

-- Dump completed on 2019-12-02 11:25:56
